PLAYER_ID,PLAYER_NAME,GP,W,L,W_PCT,MIN,E_OFF_RATING,E_DEF_RATING,E_NET_RATING,E_AST_RATIO,E_OREB_PCT,E_DREB_PCT,E_REB_PCT,E_TOV_PCT,E_USG_PCT,E_PACE,GP_RANK,W_RANK,L_RANK,W_PCT_RANK,MIN_RANK,E_OFF_RATING_RANK,E_DEF_RATING_RANK,E_NET_RATING_RANK,E_AST_RATIO_RANK,E_OREB_PCT_RANK,E_DREB_PCT_RANK,E_REB_PCT_RANK,E_TOV_PCT_RANK,E_USG_PCT_RANK,E_PACE_RANK,SEASON_TYPE
1642847,Jeremiah Fears,51,13,38,0.255,25.7,109.3,120.5,-11.2,16.4,0.03,0.131,0.078,12.06,0.243,103.52,1,282,519,449,161,324,484,455,275,352,271,318,44,75,149,Regular Season
1641711,Gradey Dick,51,30,21,0.588,16.2,111.2,108.3,3.0,9.5,0.04,0.113,0.076,7.617,0.169,102.53,1,24,381,185,311,259,124,165,469,271,338,328,44,289,236,Regular Season
201942,DeMar DeRozan,51,12,39,0.235,33.1,109.1,120.0,-10.9,18.6,0.016,0.095,0.054,5.582,0.223,101.85,1,306,520,464,40,334,478,450,219,453,416,463,44,118,282,Regular Season
1642347,Jamal Shead,51,30,21,0.588,22.3,112.6,109.0,3.6,39.3,0.017,0.082,0.048,9.475,0.16,101.02,1,24,381,185,213,195,145,149,12,447,466,486,44,316,331,Regular Season
1630696,Dru Smith,50,26,24,0.52,17.4,109.4,107.2,2.1,29.0,0.05,0.101,0.076,9.123,0.159,107.32,5,72,422,250,291,319,96,183,56,219,390,331,44,320,27,Regular Season
1641739,Toumani Camara,50,23,27,0.46,33.7,110.5,113.0,-2.5,16.3,0.053,0.113,0.082,12.254,0.161,104.23,5,123,453,314,33,289,305,296,278,213,341,297,44,314,111,Regular Season
1641824,Matas Buzelis,50,24,26,0.48,28.0,112.4,112.7,-0.3,12.5,0.044,0.153,0.101,11.112,0.216,104.19,5,109,443,296,125,206,289,237,391,250,193,214,44,131,114,Regular Season
1642852,Derik Queen,50,13,37,0.26,25.8,111.8,118.4,-6.6,23.8,0.076,0.238,0.158,14.109,0.224,103.66,5,282,518,442,157,238,460,382,112,132,37,60,44,110,141,Regular Season
1628978,Donte DiVincenzo,50,31,19,0.62,31.5,117.2,107.2,10.0,24.5,0.037,0.116,0.078,8.741,0.173,103.63,5,15,334,142,60,59,96,44,107,300,326,321,44,271,142,Regular Season
1629675,Naz Reid,50,31,19,0.62,26.4,114.0,107.8,6.2,15.3,0.047,0.226,0.135,10.038,0.22,103.29,5,15,334,142,151,143,109,90,312,239,53,100,44,124,173,Regular Season
203944,Julius Randle,50,31,19,0.62,33.3,118.9,112.1,6.8,20.3,0.055,0.172,0.115,9.799,0.269,103.24,5,15,334,142,37,33,261,83,173,200,144,160,44,46,178,Regular Season
1641764,Brandin Podziemski,50,27,23,0.54,26.8,110.5,108.2,2.2,23.1,0.027,0.165,0.095,9.506,0.189,102.44,5,61,403,229,143,289,121,180,119,373,161,237,44,196,243,Regular Season
1642366,Quinten Post,50,27,23,0.54,17.8,113.2,109.3,3.9,14.5,0.06,0.179,0.119,8.239,0.186,102.26,5,61,403,229,283,170,154,147,337,180,126,148,44,211,256,Regular Season
1630567,Scottie Barnes,50,30,20,0.6,34.5,111.7,109.6,2.2,22.1,0.07,0.198,0.134,10.769,0.24,101.72,5,24,362,163,18,244,165,180,141,151,91,106,44,79,286,Regular Season
1626220,Royce O'Neale,50,30,20,0.6,29.4,112.3,113.6,-1.3,22.6,0.024,0.158,0.09,11.613,0.146,101.68,5,24,362,163,99,213,329,268,129,401,181,255,44,372,289,Regular Season
1642883,Sion James,50,22,28,0.44,24.3,111.4,113.1,-1.6,23.7,0.027,0.132,0.081,10.743,0.11,100.46,5,148,467,330,179,252,310,275,113,379,269,304,44,476,367,Regular Season
1628971,Bruce Brown,50,33,17,0.66,24.5,114.8,115.4,-0.6,21.6,0.054,0.128,0.093,10.422,0.144,99.93,5,8,281,86,176,121,392,242,148,205,282,248,44,384,386,Regular Season
1642345,Oso Ighodaro,50,30,20,0.6,20.0,111.8,106.1,5.7,23.0,0.078,0.174,0.125,17.057,0.122,99.55,5,24,362,163,243,238,81,107,123,128,141,129,477,448,402,Regular Season
1629638,Nickeil Alexander-Walker,49,22,27,0.449,33.0,111.9,113.4,-1.5,15.1,0.018,0.095,0.056,8.925,0.244,106.26,19,148,453,323,41,235,323,271,318,437,417,447,44,74,43,Regular Season
1641716,Jarace Walker,49,13,36,0.265,23.5,104.4,115.2,-10.8,15.3,0.021,0.183,0.098,11.614,0.193,105.5,19,282,514,438,198,447,386,447,314,423,119,227,44,178,57,Regular Season
1630700,Dyson Daniels,49,24,25,0.49,34.0,114.0,112.2,1.7,32.4,0.072,0.143,0.107,10.378,0.163,104.63,19,109,430,288,29,143,266,191,31,143,232,188,44,306,93,Regular Season
1642271,Kyle Filipowski,49,15,34,0.306,22.0,114.1,119.4,-5.3,17.6,0.08,0.232,0.154,11.096,0.18,103.34,19,254,505,408,217,140,469,353,244,121,46,66,44,243,171,Regular Season
1630643,Jay Huff,49,13,36,0.265,19.5,102.7,109.9,-7.2,13.3,0.05,0.148,0.099,9.102,0.175,103.02,19,282,514,438,251,463,174,392,371,218,212,223,44,258,195,Regular Season
1630577,Julian Champagnie,49,33,16,0.673,28.6,117.7,108.3,9.4,12.0,0.036,0.193,0.116,8.045,0.155,102.46,19,8,258,70,114,47,124,52,409,316,101,158,44,328,239,Regular Season
203084,Harrison Barnes,49,33,16,0.673,28.0,116.6,111.3,5.3,17.5,0.03,0.083,0.057,7.648,0.151,102.11,19,8,258,70,127,74,230,119,246,351,465,446,44,349,264,Regular Season
1642851,Kon Knueppel,49,22,27,0.449,32.0,114.2,114.2,-0.1,17.8,0.042,0.146,0.095,10.436,0.22,101.9,19,148,453,323,55,136,356,233,240,263,221,235,44,124,277,Regular Season
1629640,Keldon Johnson,49,33,16,0.673,24.0,113.2,107.9,5.3,10.9,0.083,0.18,0.132,7.393,0.198,101.87,19,8,258,70,188,170,111,119,440,112,124,110,44,165,279,Regular Season
1631243,Mouhamed Gueye,49,23,26,0.469,16.4,111.8,111.0,0.8,16.2,0.079,0.164,0.121,8.438,0.138,101.76,19,123,443,309,307,238,217,216,281,127,164,145,44,404,284,Regular Season
1630572,Sandro Mamukelashvili,49,28,21,0.571,22.5,111.9,109.3,2.7,17.0,0.073,0.179,0.125,7.809,0.183,101.68,19,55,381,200,210,235,154,171,258,138,125,125,44,230,289,Regular Season
1631221,Collin Gillespie,49,29,20,0.592,28.2,113.1,108.6,4.4,26.3,0.037,0.129,0.081,9.666,0.193,101.29,19,40,362,176,122,177,133,139,84,292,279,302,44,178,312,Regular Season
1627742,Brandon Ingram,49,29,20,0.592,34.1,112.0,111.7,0.3,14.4,0.027,0.169,0.097,10.052,0.274,100.86,19,40,362,176,25,230,245,224,340,376,154,233,44,39,338,Regular Season
1628969,Mikal Bridges,49,31,18,0.633,34.5,117.6,110.1,7.5,22.6,0.034,0.099,0.066,5.681,0.175,100.86,19,15,309,117,17,50,178,71,130,326,404,388,44,258,338,Regular Season
203501,Tim Hardaway Jr.,49,32,17,0.653,27.2,120.2,115.7,4.5,10.7,0.009,0.094,0.054,3.603,0.187,100.73,19,13,281,96,139,28,401,135,446,482,420,464,1,207,349,Regular Season
1628970,Miles Bridges,49,22,27,0.449,32.5,114.3,116.4,-2.0,16.6,0.036,0.176,0.107,6.726,0.233,100.72,19,148,453,323,48,132,417,282,270,315,134,189,44,96,350,Regular Season
1629014,Anfernee Simons,49,31,18,0.633,24.5,116.4,112.1,4.3,15.1,0.023,0.088,0.055,7.137,0.234,98.11,19,15,309,117,175,83,261,141,320,403,443,460,44,90,458,Regular Season
1631323,Simone Fontecchio,48,25,23,0.521,17.0,109.8,108.3,1.5,15.6,0.044,0.146,0.095,8.239,0.198,105.58,36,90,403,246,298,311,124,199,303,252,220,241,44,165,55,Regular Season
1630230,Naji Marshall,48,19,29,0.396,29.3,109.3,111.0,-1.6,18.4,0.033,0.143,0.09,8.592,0.188,104.71,36,198,476,352,102,324,217,275,225,332,229,257,44,203,87,Regular Season
1629750,Javonte Green,48,36,12,0.75,18.8,109.1,103.2,5.9,9.9,0.047,0.121,0.084,8.76,0.146,104.2,36,3,182,31,270,334,40,95,460,240,306,282,44,372,113,Regular Season
1642267,Bub Carrington,48,13,35,0.271,28.4,107.2,119.9,-12.7,28.7,0.017,0.124,0.07,14.757,0.171,103.46,36,282,513,432,119,399,476,467,57,443,300,372,44,278,158,Regular Season
1630541,Moses Moody,48,25,23,0.521,24.5,112.1,107.6,4.5,12.4,0.038,0.102,0.07,7.411,0.176,103.41,36,90,403,246,173,224,104,135,397,291,389,375,44,253,161,Regular Season
202696,Nikola Vučević,48,23,25,0.479,30.8,113.5,116.4,-2.9,19.2,0.076,0.236,0.158,7.32,0.22,103.35,36,123,430,297,75,154,417,301,200,131,42,58,44,124,170,Regular Season
1630183,Jaden McDaniels,48,29,19,0.604,32.1,116.5,108.9,7.7,17.1,0.04,0.108,0.075,10.718,0.184,103.23,36,40,334,160,49,78,142,68,256,274,360,335,44,225,179,Regular Season
1628983,Shai Gilgeous-Alexander,48,37,11,0.771,33.4,121.1,105.6,15.6,19.8,0.017,0.122,0.073,6.476,0.332,103.13,36,1,158,24,35,19,72,25,187,441,303,358,44,8,187,Regular Season
203497,Rudy Gobert,48,30,18,0.625,31.4,113.5,105.1,8.3,15.5,0.132,0.247,0.191,11.729,0.125,103.11,36,24,309,128,61,154,60,57,305,41,33,34,44,443,189,Regular Season
1630217,Desmond Bane,48,25,23,0.521,34.2,112.7,112.7,0.0,18.5,0.042,0.1,0.071,9.195,0.234,102.77,36,90,403,246,23,191,289,230,222,262,401,367,44,90,217,Regular Season
201566,Russell Westbrook,48,12,36,0.25,29.6,109.1,119.3,-10.2,27.3,0.053,0.174,0.112,13.949,0.254,102.76,36,306,514,450,95,334,466,434,73,209,139,171,44,64,218,Regular Season
1641710,Anthony Black,48,25,23,0.521,31.2,113.5,113.5,0.0,19.9,0.026,0.121,0.073,11.133,0.224,101.85,36,90,403,246,66,154,325,230,181,384,308,351,44,110,282,Regular Season
1631222,Jake LaRavia,48,29,19,0.604,27.3,114.8,117.5,-2.7,18.0,0.063,0.114,0.089,10.001,0.145,101.4,36,40,334,160,138,121,439,300,234,167,330,258,44,381,307,Regular Season
1630193,Immanuel Quickley,48,29,19,0.604,32.5,112.3,110.6,1.8,27.0,0.02,0.133,0.076,7.516,0.215,101.29,36,40,334,160,47,213,197,189,77,430,262,332,44,132,312,Regular Season
1630573,Sam Hauser,48,31,17,0.646,23.8,117.4,112.1,5.2,14.7,0.03,0.146,0.087,5.766,0.15,99.05,36,15,281,100,191,55,261,125,327,355,219,267,44,355,423,Regular Season
1630202,Payton Pritchard,48,30,18,0.625,32.6,117.7,113.1,4.5,25.1,0.032,0.114,0.073,5.161,0.208,98.62,36,24,309,128,45,47,310,135,96,341,333,352,44,145,442,Regular Season
1627739,Kris Dunn,48,23,25,0.479,27.3,113.6,114.5,-1.0,27.8,0.036,0.09,0.064,12.12,0.132,98.34,36,123,430,297,137,152,366,255,62,309,434,404,44,426,450,Regular Season
1642276,Kel'el Ware,47,24,23,0.511,22.6,109.9,112.8,-2.9,5.7,0.134,0.278,0.206,8.678,0.176,107.42,53,109,403,257,206,307,294,301,498,39,14,22,44,253,26,Regular Season
203952,Andrew Wiggins,47,24,23,0.511,31.2,111.7,112.5,-0.8,15.5,0.057,0.107,0.082,9.577,0.203,106.93,53,109,403,257,65,244,279,250,307,190,365,299,44,152,34,Regular Season
1630168,Onyeka Okongwu,47,22,25,0.468,32.0,109.1,114.0,-4.9,17.5,0.064,0.207,0.134,10.364,0.205,105.56,53,148,430,310,53,334,342,342,247,163,79,105,44,148,56,Regular Season
1641718,Keyonte George,47,15,32,0.319,34.4,114.1,122.6,-8.5,22.4,0.016,0.113,0.064,11.257,0.277,104.76,53,254,496,400,21,140,492,411,135,457,336,403,44,36,83,Regular Season
1641729,Brice Sensabaugh,47,13,34,0.277,21.2,111.0,121.8,-10.8,11.5,0.04,0.112,0.077,9.505,0.226,104.57,53,282,505,428,226,269,489,447,425,272,342,325,44,105,98,Regular Season
1628378,Donovan Mitchell,47,28,19,0.596,33.9,117.0,111.0,6.1,18.0,0.027,0.124,0.076,9.679,0.324,103.73,53,55,334,171,32,61,217,93,232,374,299,333,44,11,139,Regular Season
1630530,Trey Murphy III,47,13,34,0.277,35.8,111.3,116.4,-5.1,15.7,0.032,0.151,0.09,7.79,0.226,103.51,53,282,505,428,6,255,417,347,301,338,199,256,44,105,151,Regular Season
1642377,Jaylen Wells,47,18,29,0.383,26.9,109.9,115.6,-5.7,11.9,0.039,0.104,0.071,8.163,0.19,103.49,53,207,476,361,141,307,398,362,410,282,378,365,44,193,154,Regular Season
1627783,Pascal Siakam,47,13,34,0.277,34.0,111.2,114.4,-3.3,14.5,0.05,0.17,0.109,8.05,0.29,102.71,53,282,505,428,31,259,361,313,335,222,146,184,44,25,224,Regular Season
1641717,Cason Wallace,47,36,11,0.766,26.4,116.2,102.3,13.8,19.7,0.036,0.089,0.063,8.681,0.131,102.67,53,3,158,26,148,91,33,28,190,313,436,405,44,428,226,Regular Season
1641740,Jaylen Clark,47,30,17,0.638,14.2,114.3,106.8,7.5,13.3,0.069,0.08,0.075,7.087,0.124,102.34,53,24,281,104,347,132,86,71,373,153,469,341,44,445,251,Regular Season
1642363,Nique Clifford,47,11,36,0.234,19.8,109.1,113.6,-4.6,16.3,0.043,0.125,0.084,12.908,0.148,101.27,53,324,514,466,246,334,329,339,277,259,290,284,44,364,316,Regular Season
1626145,Tyus Jones,47,25,22,0.532,15.9,107.3,113.8,-6.6,40.0,0.012,0.066,0.037,4.834,0.098,100.86,53,90,393,238,317,397,336,382,10,472,491,501,1,498,338,Regular Season
1631157,Ryan Rollins,47,18,29,0.383,31.7,112.8,113.5,-0.7,24.7,0.032,0.127,0.08,9.989,0.233,100.57,53,207,476,361,56,186,325,245,102,339,286,305,44,96,359,Regular Season
1631212,Peyton Watson,47,31,16,0.66,30.4,122.8,116.8,6.0,12.2,0.036,0.143,0.093,10.879,0.203,100.31,53,15,258,87,84,15,425,94,399,312,227,245,44,152,373,Regular Season
1630692,Jordan Goodwin,47,29,18,0.617,21.8,112.0,106.2,5.9,19.1,0.092,0.154,0.122,9.303,0.185,100.03,53,40,309,146,221,230,82,95,203,91,192,141,44,218,381,Regular Season
1626171,Bobby Portis,47,18,29,0.383,24.5,108.7,114.4,-5.7,11.8,0.06,0.236,0.15,7.349,0.228,99.51,53,207,476,361,177,350,361,362,415,177,41,75,44,104,405,Regular Season
1642263,Reed Sheppard,47,30,17,0.638,24.6,113.5,109.3,4.2,19.1,0.014,0.096,0.055,7.631,0.21,99.48,53,24,281,104,171,154,154,142,204,471,411,459,44,140,407,Regular Season
1641708,Amen Thompson,47,30,17,0.638,37.4,115.9,108.0,7.9,22.9,0.084,0.141,0.113,10.089,0.204,99.38,53,24,281,104,2,100,113,63,125,106,235,166,44,150,411,Regular Season
201587,Nicolas Batum,47,23,24,0.489,20.1,113.2,113.2,-0.1,15.1,0.023,0.133,0.078,11.561,0.1,98.74,53,123,422,289,240,170,314,233,316,405,264,320,44,493,437,Regular Season
1628401,Derrick White,47,29,18,0.617,34.0,117.9,108.0,9.9,22.9,0.034,0.114,0.075,7.887,0.233,98.27,53,40,309,146,28,45,113,45,126,325,331,340,44,96,453,Regular Season
1629006,Josh Okogie,47,30,17,0.638,20.2,117.6,109.3,8.2,14.7,0.071,0.098,0.084,10.528,0.121,98.04,53,24,281,104,237,50,154,59,331,149,406,283,44,450,462,Regular Season
1631170,Jaime Jaquez Jr.,46,25,21,0.543,28.8,112.3,107.2,5.1,23.1,0.047,0.141,0.095,10.888,0.22,107.04,75,90,381,223,110,213,96,126,120,242,236,239,44,124,32,Regular Season
1630552,Jalen Johnson,46,23,23,0.5,35.6,112.7,112.6,0.2,25.6,0.048,0.272,0.16,11.276,0.27,106.11,75,123,403,259,9,191,284,226,89,230,22,55,44,45,47,Regular Season
1631101,Shaedon Sharpe,46,21,25,0.457,30.3,109.6,112.8,-3.2,10.4,0.037,0.122,0.08,12.063,0.303,105.46,75,166,430,316,85,313,294,308,453,297,305,312,44,21,58,Regular Season
1630172,Patrick Williams,46,20,26,0.435,18.6,106.2,117.1,-10.9,13.2,0.035,0.138,0.085,11.148,0.167,105.03,75,183,443,332,274,420,431,450,376,319,246,277,44,298,71,Regular Season
203468,CJ McCollum,46,15,31,0.326,30.1,110.7,116.5,-5.8,16.4,0.023,0.095,0.06,7.719,0.25,103.97,75,254,493,396,88,277,421,365,273,408,414,426,44,67,126,Regular Season
203484,Kentavious Caldwell-Pope,46,18,28,0.391,21.0,108.9,112.6,-3.6,24.2,0.019,0.107,0.062,10.049,0.174,103.55,75,207,467,356,229,344,284,319,109,431,370,413,44,267,147,Regular Season
1641842,Ronald Holland II,46,34,12,0.739,20.8,107.7,101.5,6.3,12.9,0.057,0.163,0.111,12.947,0.191,103.48,75,6,182,41,232,381,29,88,379,193,172,174,44,190,156,Regular Season
1642281,Jaylon Tyson,46,27,19,0.587,27.9,116.4,112.5,3.8,16.2,0.079,0.136,0.107,10.288,0.186,103.32,75,61,334,188,129,83,279,148,280,126,253,192,44,211,172,Regular Season
1629130,Duncan Robinson,46,35,11,0.761,28.5,116.7,109.4,7.3,14.8,0.014,0.087,0.051,5.622,0.151,103.23,75,5,158,28,116,66,161,79,325,467,453,476,44,349,179,Regular Season
1642270,Donovan Clingan,46,23,23,0.5,27.3,110.7,114.1,-3.4,15.8,0.172,0.261,0.215,8.599,0.153,103.14,75,123,403,259,136,277,351,314,297,14,31,11,44,340,186,Regular Season
1630249,Vít Krejčí,46,22,24,0.478,22.3,109.4,111.7,-2.4,16.1,0.02,0.085,0.052,7.112,0.146,102.58,75,148,422,299,212,319,245,295,287,429,458,470,44,372,233,Regular Season
1628976,Wendell Carter Jr.,46,24,22,0.522,29.9,111.8,111.7,0.2,15.9,0.082,0.189,0.135,9.204,0.158,102.41,75,109,393,245,92,238,245,226,292,117,111,101,44,323,245,Regular Season
1642285,Cam Spencer,46,17,29,0.37,24.0,111.5,112.5,-1.0,35.4,0.021,0.099,0.059,9.439,0.178,102.21,75,224,476,371,186,250,279,255,22,421,403,428,44,248,259,Regular Season
1630178,Tyrese Maxey,46,26,20,0.565,39.0,113.8,111.2,2.6,20.4,0.008,0.114,0.059,7.215,0.29,101.69,75,72,362,209,1,148,227,173,170,486,334,431,44,25,288,Regular Season
1626157,Karl-Anthony Towns,46,29,17,0.63,31.6,117.5,111.6,5.9,13.2,0.107,0.314,0.209,11.442,0.257,101.12,75,40,281,120,59,54,243,95,375,66,6,14,44,56,326,Regular Season
1631095,Jabari Smith Jr.,46,29,17,0.63,34.9,115.5,110.1,5.4,11.2,0.05,0.174,0.111,7.827,0.18,99.53,75,40,281,120,15,111,178,115,432,221,140,173,44,243,404,Regular Season
1631217,Moussa Diabaté,46,21,25,0.457,25.0,117.7,112.4,5.3,17.2,0.174,0.219,0.197,10.549,0.125,99.23,75,166,430,316,170,47,276,119,254,13,63,28,44,443,416,Regular Season
1629651,Nic Claxton,46,12,34,0.261,29.4,107.8,117.8,-10.0,25.6,0.096,0.196,0.143,9.278,0.174,99.13,75,306,505,441,100,376,447,432,90,87,95,83,44,267,419,Regular Season
1630549,Day'Ron Sharpe,46,13,33,0.283,18.2,106.4,112.8,-6.3,22.2,0.153,0.277,0.211,16.102,0.185,97.92,75,282,502,425,278,415,294,377,140,23,17,12,477,218,467,Regular Season
1629674,Neemias Queta,46,29,17,0.63,25.1,116.1,105.5,10.6,14.6,0.134,0.221,0.179,9.926,0.154,97.65,75,40,281,120,168,94,68,42,332,38,61,41,44,335,471,Regular Season
202691,Klay Thompson,45,16,29,0.356,22.2,103.2,108.1,-4.9,10.5,0.015,0.096,0.056,6.994,0.218,106.16,95,239,476,383,215,459,118,342,450,465,413,448,44,129,45,Regular Season
1641854,Craig Porter Jr.,45,29,16,0.644,17.8,115.8,110.3,5.5,37.4,0.083,0.134,0.108,10.316,0.124,104.06,95,40,258,101,284,103,183,111,17,109,260,186,44,445,123,Regular Season
1627780,Gary Payton II,45,24,21,0.533,12.7,112.6,113.0,-0.4,23.0,0.089,0.177,0.132,13.552,0.169,104.02,95,109,381,235,369,195,305,238,122,97,130,112,44,289,124,Regular Season
1642954,Will Richard,45,26,19,0.578,19.4,110.9,109.5,1.4,17.9,0.053,0.089,0.071,10.201,0.138,103.98,95,72,334,195,257,273,162,203,237,210,438,370,44,404,125,Regular Season
1631321,Sidy Cissoko,45,20,25,0.444,21.9,107.8,111.4,-3.6,16.7,0.044,0.074,0.059,12.989,0.13,103.51,95,183,430,326,218,376,236,319,264,255,479,436,44,431,151,Regular Season
1642383,Walter Clayton Jr.,45,13,32,0.289,18.0,112.0,119.5,-7.5,29.6,0.02,0.099,0.059,11.794,0.174,103.39,95,282,496,418,280,230,470,395,51,428,402,432,44,267,163,Regular Season
1642843,Cooper Flagg,45,17,28,0.378,34.0,108.8,112.0,-3.2,17.2,0.037,0.166,0.103,9.163,0.248,103.38,95,224,467,366,27,346,258,308,253,294,158,206,44,70,164,Regular Season
1631108,Max Christie,45,17,28,0.378,29.5,109.3,112.2,-2.9,15.8,0.008,0.11,0.062,8.459,0.167,103.16,95,224,467,366,97,324,266,301,298,485,349,414,44,298,185,Regular Season
1631109,Mark Williams,45,28,17,0.622,24.0,113.9,110.4,3.6,10.2,0.141,0.225,0.183,10.182,0.171,102.9,95,55,281,138,187,147,188,149,456,33,57,40,44,278,205,Regular Season
1630551,Justin Champagnie,45,11,34,0.244,19.1,109.5,120.0,-10.6,13.8,0.112,0.212,0.161,7.625,0.147,102.85,95,324,505,459,263,317,478,440,356,57,69,53,44,371,212,Regular Season
1628379,Luke Kennard,45,22,23,0.489,20.5,110.7,111.9,-1.2,25.2,0.021,0.091,0.056,8.502,0.13,102.57,95,148,403,290,234,277,255,265,93,418,433,452,44,431,234,Regular Season
203903,Jordan Clarkson,45,27,18,0.6,19.2,113.5,111.8,1.7,11.5,0.043,0.061,0.052,9.349,0.214,101.6,95,61,309,163,262,154,251,191,423,260,498,472,44,133,296,Regular Season
1626167,Myles Turner,45,18,27,0.4,28.7,111.8,113.2,-1.4,11.7,0.047,0.163,0.106,7.812,0.185,101.21,95,207,453,347,112,238,314,270,417,237,169,195,44,218,322,Regular Season
1628398,Kyle Kuzma,45,18,27,0.4,26.7,110.0,115.8,-5.8,15.8,0.037,0.161,0.1,10.126,0.213,100.32,95,207,453,347,144,299,404,365,294,296,176,222,44,136,372,Regular Season
1627750,Jamal Murray,45,29,16,0.644,35.5,123.0,117.3,5.7,24.6,0.015,0.123,0.071,7.658,0.284,99.88,95,40,258,101,10,14,435,107,105,464,302,360,44,30,390,Regular Season
1627759,Jaylen Brown,45,28,17,0.622,34.3,117.6,112.9,4.7,14.2,0.04,0.179,0.111,10.618,0.365,99.72,95,55,281,138,22,50,300,133,349,273,128,176,44,3,393,Regular Season
201142,Kevin Durant,45,28,17,0.622,36.8,115.8,109.9,5.8,16.2,0.015,0.147,0.082,10.644,0.267,99.65,95,55,281,138,3,103,174,104,284,462,214,301,44,47,397,Regular Season
1642461,Spencer Jones,45,30,15,0.667,23.9,116.2,115.6,0.7,13.7,0.055,0.094,0.075,9.393,0.1,99.42,95,24,233,73,190,91,398,220,359,198,423,337,44,493,409,Regular Season
1628381,John Collins,45,20,25,0.444,27.5,113.7,113.2,0.4,7.5,0.06,0.141,0.102,10.508,0.184,99.09,95,183,430,326,133,150,314,223,485,182,237,212,44,225,421,Regular Season
1642907,Cedric Coward,44,16,28,0.364,26.6,110.0,110.7,-0.7,17.7,0.059,0.182,0.123,10.691,0.21,105.01,114,239,467,372,146,299,203,245,242,185,120,136,44,140,72,Regular Season
1628991,Jaren Jackson Jr.,44,16,28,0.364,30.7,106.0,110.3,-4.4,9.2,0.032,0.16,0.098,10.838,0.255,104.45,114,239,467,372,78,424,183,337,470,340,177,231,44,61,101,Regular Season
1630166,Deni Avdija,44,21,23,0.477,34.6,114.6,115.2,-0.6,21.2,0.034,0.195,0.113,12.416,0.29,104.26,114,166,403,301,16,126,386,242,156,330,96,168,44,25,110,Regular Season
1630245,Ayo Dosunmu,44,21,23,0.477,26.3,110.2,114.0,-3.8,21.2,0.03,0.089,0.06,8.16,0.21,104.14,114,166,403,301,152,296,342,326,158,354,441,427,44,140,117,Regular Season
1628989,Kevin Huerter,44,23,21,0.523,23.6,112.6,113.6,-1.0,19.5,0.024,0.144,0.086,8.254,0.193,104.13,114,123,381,244,197,195,329,255,193,398,224,274,44,178,119,Regular Season
1630180,Saddiq Bey,44,12,32,0.273,30.2,112.6,116.8,-4.2,13.6,0.06,0.15,0.104,3.805,0.205,103.41,114,306,496,431,86,195,425,333,360,179,201,202,1,148,161,Regular Season
1629111,Jock Landale,44,17,27,0.386,23.4,111.8,117.8,-6.0,13.5,0.141,0.163,0.152,8.516,0.186,103.36,114,224,453,359,200,238,447,372,364,34,171,71,44,211,167,Regular Season
1629656,Quentin Grimes,44,24,20,0.545,30.2,110.6,109.6,1.0,22.0,0.023,0.118,0.07,11.557,0.181,102.79,114,109,362,221,87,286,165,210,142,412,319,374,44,239,216,Regular Season
1630191,Isaiah Stewart,44,33,11,0.75,23.4,111.6,108.4,3.2,11.2,0.08,0.165,0.124,11.174,0.168,102.65,114,8,158,31,201,247,129,161,431,120,162,132,44,295,229,Regular Season
1628415,Dillon Brooks,44,27,17,0.614,31.0,113.2,112.1,1.1,8.0,0.024,0.108,0.065,8.075,0.282,102.31,114,61,281,151,70,170,261,208,483,399,359,398,44,31,252,Regular Season
1631096,Chet Holmgren,44,34,10,0.773,29.3,116.7,102.4,14.4,9.6,0.071,0.237,0.16,9.777,0.224,102.29,114,6,143,23,103,66,34,27,466,144,39,56,44,110,254,Regular Season
1641709,Ausar Thompson,44,32,12,0.727,25.7,116.4,108.2,8.2,19.3,0.095,0.164,0.13,10.532,0.184,101.94,114,13,182,45,160,83,121,59,199,89,166,116,44,225,273,Regular Season
1630173,Precious Achiuwa,44,10,34,0.227,20.7,108.4,116.0,-7.6,13.4,0.103,0.197,0.15,7.899,0.155,101.42,114,336,505,470,233,362,406,398,369,74,93,76,44,328,304,Regular Season
1642845,VJ Edgecombe,44,26,18,0.591,35.6,113.2,110.1,3.2,20.7,0.049,0.116,0.082,9.068,0.189,101.06,114,72,309,178,8,170,178,161,164,224,324,298,44,196,328,Regular Season
1628973,Jalen Brunson,44,30,14,0.682,34.4,120.7,114.8,5.9,19.4,0.016,0.09,0.052,7.169,0.31,100.21,114,24,219,65,20,24,376,95,195,454,435,471,44,17,379,Regular Season
201935,James Harden,44,21,23,0.477,35.4,116.3,116.9,-0.6,24.6,0.021,0.137,0.081,11.13,0.31,99.25,114,166,403,301,11,88,428,242,104,420,249,303,44,17,415,Regular Season
1642864,Hugo González,44,28,16,0.636,15.3,120.7,103.0,17.7,12.6,0.066,0.177,0.124,13.056,0.115,98.98,114,55,258,108,328,24,37,18,389,160,131,135,44,466,425,Regular Season
1631248,Baylor Scheierman,44,29,15,0.659,13.2,115.6,108.5,7.1,20.5,0.033,0.146,0.089,10.563,0.101,98.06,114,40,233,88,361,108,130,81,169,334,217,259,44,490,461,Regular Season
1641775,Jordan Walsh,44,29,15,0.659,18.6,120.9,113.5,7.4,14.7,0.086,0.175,0.13,8.898,0.118,96.08,114,40,233,88,272,21,325,75,329,103,137,115,44,457,496,Regular Season
1641796,Pelle Larsson,43,25,18,0.581,23.9,113.0,111.2,1.7,25.2,0.035,0.107,0.071,8.104,0.163,107.63,133,90,309,191,189,180,227,191,94,321,367,364,44,306,22,Regular Season
1626181,Norman Powell,43,24,19,0.558,30.7,113.5,111.7,1.8,11.1,0.012,0.11,0.061,8.458,0.272,107.6,133,109,334,215,79,154,245,189,434,473,350,421,44,42,24,Regular Season
1630314,Brandon Williams,43,17,26,0.395,21.9,111.2,112.7,-1.5,21.4,0.026,0.113,0.07,11.379,0.25,105.45,133,224,443,353,219,259,289,271,150,391,335,371,44,67,59,Regular Season
1628389,Bam Adebayo,43,21,22,0.488,31.1,113.7,110.3,3.4,13.3,0.07,0.265,0.166,8.508,0.24,105.19,133,166,393,291,67,150,183,157,374,150,27,49,44,79,65,Regular Season
1642846,Ace Bailey,43,13,30,0.302,25.1,109.0,121.3,-12.3,12.2,0.061,0.096,0.078,9.254,0.192,104.41,133,282,490,410,169,341,487,462,398,176,412,322,44,186,103,Regular Season
1629631,De'Andre Hunter,43,24,19,0.558,26.2,113.0,114.5,-1.5,12.7,0.027,0.15,0.087,10.11,0.224,104.32,133,109,334,215,155,180,366,271,388,377,203,268,44,110,104,Regular Season
1627741,Buddy Hield,43,21,22,0.488,17.2,108.8,115.5,-6.7,15.5,0.038,0.118,0.078,9.85,0.194,103.76,133,166,393,291,292,346,396,384,304,288,317,319,44,177,137,Regular Season
201144,Mike Conley,43,27,16,0.628,18.6,113.0,110.8,2.2,36.2,0.021,0.086,0.053,7.889,0.117,103.05,133,61,258,127,275,180,209,180,20,422,456,466,44,458,193,Regular Season
1642349,Ajay Mitchell,43,37,6,0.86,26.2,117.3,101.1,16.2,21.3,0.029,0.109,0.071,9.206,0.22,102.92,133,1,86,9,154,58,27,23,155,360,353,360,44,124,202,Regular Season
1631133,Jabari Walker,43,24,19,0.558,12.5,112.2,110.6,1.6,10.1,0.106,0.188,0.146,8.57,0.136,102.92,133,109,334,215,371,218,197,195,458,71,112,80,44,412,202,Regular Season
1641783,Tristan da Silva,43,23,20,0.535,22.6,109.3,110.9,-1.6,11.7,0.034,0.134,0.084,8.583,0.17,102.22,133,123,362,234,207,324,213,275,416,327,258,286,44,285,257,Regular Season
1631165,Keon Ellis,43,10,33,0.233,17.6,102.3,115.0,-12.7,9.6,0.021,0.065,0.042,7.775,0.138,102.2,133,336,502,468,285,467,381,467,467,419,492,493,44,404,260,Regular Season
1642875,Maxime Raynaud,43,11,32,0.256,23.1,107.7,118.1,-10.4,10.2,0.083,0.235,0.156,10.005,0.171,101.97,133,324,496,447,202,381,455,438,455,115,43,64,44,278,270,Regular Season
1642274,Yves Missi,43,10,33,0.233,19.3,112.1,112.4,-0.2,17.5,0.157,0.164,0.16,10.681,0.126,101.95,133,336,502,468,260,224,276,236,248,22,167,54,44,441,272,Regular Season
1642877,Micah Peavy,43,9,34,0.209,15.7,108.7,114.5,-5.8,16.7,0.061,0.087,0.074,4.616,0.146,101.87,133,361,505,477,320,350,366,365,265,172,450,349,1,372,279,Regular Season
1629028,Deandre Ayton,43,26,17,0.605,28.4,115.7,116.4,-0.7,7.2,0.11,0.234,0.175,11.531,0.175,101.29,133,72,281,158,117,107,417,245,487,64,44,46,44,258,312,Regular Season
1641712,Rayan Rupert,43,22,21,0.512,12.2,101.4,111.5,-10.2,16.2,0.045,0.121,0.083,11.509,0.128,101.18,133,148,381,256,377,475,240,434,282,247,307,294,44,438,324,Regular Season
1631260,AJ Green,43,17,26,0.395,29.7,113.5,112.9,0.6,18.8,0.006,0.088,0.048,7.998,0.129,101.0,133,224,443,353,94,154,300,222,213,491,446,489,44,435,333,Regular Season
1629018,Gary Trent Jr.,43,16,27,0.372,24.1,107.5,120.2,-12.7,15.1,0.006,0.05,0.028,5.825,0.155,100.71,133,239,453,369,184,390,481,467,317,492,505,510,44,328,351,Regular Season
1642346,Ryan Dunn,43,26,17,0.605,20.1,112.2,108.6,3.5,19.2,0.087,0.15,0.119,11.497,0.146,100.24,133,72,281,158,241,218,133,153,202,101,202,151,44,372,376,Regular Season
1629611,Terance Mann,43,11,32,0.256,25.4,109.3,118.1,-8.8,30.2,0.053,0.1,0.076,9.994,0.136,99.37,133,324,496,447,163,324,455,417,45,207,395,334,44,412,412,Regular Season
1641730,Noah Clowney,43,12,31,0.279,28.8,111.2,115.4,-4.1,11.9,0.039,0.135,0.086,11.339,0.21,99.04,133,306,493,426,111,259,392,330,411,281,255,276,44,140,424,Regular Season
1628997,Caleb Martin,42,16,26,0.381,13.1,106.6,108.7,-2.1,30.3,0.041,0.148,0.094,12.392,0.115,105.07,155,239,443,364,364,409,136,286,44,270,213,242,44,466,69,Regular Season
1630583,Santi Aldama,42,18,24,0.429,28.0,110.9,114.5,-3.5,18.1,0.06,0.191,0.127,7.776,0.198,104.83,155,207,422,335,128,273,366,316,230,178,103,123,44,165,79,Regular Season
1629004,Svi Mykhailiuk,42,13,29,0.31,24.1,111.3,117.9,-6.5,19.6,0.031,0.081,0.056,8.612,0.135,104.6,155,282,476,405,185,255,452,379,192,343,467,455,44,414,96,Regular Season
1629731,Dean Wade,42,25,17,0.595,22.9,114.4,108.3,6.2,22.2,0.039,0.157,0.098,4.439,0.099,104.15,155,90,281,172,203,129,124,90,139,277,185,229,1,496,116,Regular Season
1642268,Isaiah Collier,42,12,30,0.286,23.8,109.4,124.4,-15.0,39.0,0.019,0.1,0.058,13.729,0.184,104.13,155,306,490,419,192,319,498,478,13,435,394,444,44,225,119,Regular Season
1630595,Cade Cunningham,42,31,11,0.738,35.1,116.0,107.0,9.0,27.3,0.031,0.143,0.087,10.366,0.303,103.49,155,15,158,43,14,98,91,54,72,350,233,266,44,21,154,Regular Season
1630171,Isaac Okoro,42,23,19,0.548,25.3,116.1,117.7,-1.7,15.2,0.049,0.067,0.058,6.241,0.138,103.28,155,123,334,220,165,94,445,280,315,227,490,439,44,404,174,Regular Season
1631126,Caleb Love,42,19,23,0.452,22.6,108.2,113.7,-5.5,17.4,0.029,0.102,0.065,8.715,0.232,103.26,155,198,403,321,208,366,333,360,249,364,385,395,44,100,176,Regular Season
1630596,Evan Mobley,42,25,17,0.595,33.4,115.9,110.4,5.5,18.7,0.075,0.208,0.142,9.665,0.222,102.66,155,90,281,172,36,100,188,111,217,133,78,89,44,121,228,Regular Season
1642278,Tyler Kolek,42,25,17,0.595,13.6,111.2,105.9,5.3,33.2,0.024,0.125,0.074,11.701,0.183,100.96,155,90,281,172,356,259,77,119,26,397,296,346,44,230,335,Regular Season
1630534,Ochai Agbaji,42,24,18,0.571,15.5,110.5,108.8,1.6,12.9,0.055,0.102,0.079,8.198,0.134,99.73,155,109,309,200,324,289,139,195,380,199,387,316,44,416,392,Regular Season
1642856,Egor Dëmin,42,13,29,0.31,24.6,107.6,113.8,-6.2,23.4,0.02,0.128,0.071,11.969,0.191,99.7,155,282,476,405,172,387,336,373,116,425,280,366,44,190,394,Regular Season
1627826,Ivica Zubac,42,17,25,0.405,30.8,113.0,114.0,-1.0,14.3,0.136,0.272,0.206,12.315,0.189,99.68,155,224,430,346,74,180,342,255,344,37,21,20,44,196,396,Regular Season
1630558,Davion Mitchell,41,23,18,0.561,29.0,114.2,109.3,4.8,42.5,0.014,0.078,0.046,9.785,0.138,106.46,168,123,309,212,106,136,154,131,7,469,472,490,44,404,41,Regular Season
1630538,Bones Hyland,41,26,15,0.634,14.1,117.8,107.1,10.8,27.8,0.022,0.101,0.061,9.258,0.195,103.97,168,72,233,113,348,46,93,38,63,415,391,417,44,175,126,Regular Season
1630188,Jalen Smith,41,23,18,0.561,20.1,118.9,113.0,5.9,12.1,0.1,0.266,0.184,8.857,0.192,103.0,168,123,309,212,239,33,305,95,405,80,26,39,44,186,197,Regular Season
1628370,Malik Monk,41,11,30,0.268,22.3,109.6,114.6,-5.0,17.1,0.015,0.087,0.051,9.723,0.235,102.9,168,324,490,436,214,313,370,345,255,463,449,473,44,88,205,Regular Season
203110,Draymond Green,41,23,18,0.561,26.6,113.5,111.0,2.5,33.1,0.031,0.199,0.116,17.378,0.171,102.9,168,123,309,212,145,154,217,175,28,345,90,159,477,278,205,Regular Season
1630198,Isaiah Joe,41,31,10,0.756,20.2,116.7,108.5,8.1,14.4,0.023,0.109,0.067,6.582,0.176,102.84,168,15,143,30,236,66,130,62,341,413,357,385,44,253,213,Regular Season
1631105,Jalen Duren,41,30,11,0.732,28.2,116.7,106.4,10.3,10.5,0.15,0.264,0.208,11.184,0.225,102.67,168,24,158,44,121,66,85,43,451,25,29,17,44,107,226,Regular Season
1629048,Goga Bitadze,41,21,20,0.512,16.2,112.3,109.7,2.5,20.3,0.143,0.202,0.173,9.133,0.121,102.51,168,166,362,255,312,213,168,175,172,29,85,47,44,450,237,Regular Season
1626164,Devin Booker,41,26,15,0.634,34.0,114.3,109.7,4.6,19.8,0.027,0.104,0.065,10.541,0.309,102.22,168,72,233,113,30,132,168,134,186,380,375,396,44,19,257,Regular Season
1642266,Ja'Kobe Walter,41,25,16,0.61,17.9,105.7,112.6,-6.9,13.1,0.039,0.091,0.064,7.452,0.141,101.45,168,90,258,154,281,429,284,388,377,278,428,402,44,391,303,Regular Season
1629012,Collin Sexton,41,19,22,0.463,22.6,109.8,114.1,-4.3,21.7,0.023,0.072,0.049,12.176,0.257,101.23,168,198,393,311,209,311,351,335,146,410,483,484,44,56,319,Regular Season
1627824,Guerschon Yabusele,41,26,15,0.634,8.9,112.5,111.3,1.3,12.4,0.074,0.19,0.133,10.325,0.149,99.94,168,72,233,113,425,202,230,204,392,137,105,109,44,361,385,Regular Season
203991,Clint Capela,41,26,15,0.634,11.6,112.4,106.8,5.6,12.2,0.195,0.212,0.203,9.394,0.139,98.01,168,72,233,113,386,206,86,109,403,6,70,24,44,401,463,Regular Season
201572,Brook Lopez,41,22,19,0.537,17.1,112.6,111.3,1.3,11.6,0.024,0.146,0.087,9.994,0.186,96.62,168,148,334,231,295,195,230,204,422,400,218,264,44,211,489,Regular Season
1642450,Daniss Jenkins,40,30,10,0.75,16.8,110.7,105.2,5.5,27.9,0.036,0.086,0.061,11.169,0.212,103.04,182,24,143,31,300,277,61,111,60,314,457,419,44,137,194,Regular Season
1628436,Luke Kornet,40,27,13,0.675,23.7,112.1,108.0,4.1,24.8,0.127,0.155,0.141,6.049,0.103,102.99,182,61,203,68,195,224,113,146,100,44,191,92,44,485,198,Regular Season
1641772,Nae'Qwan Tomlin,40,25,15,0.625,17.1,112.1,108.8,3.3,12.7,0.088,0.11,0.099,5.507,0.154,102.9,182,90,233,128,294,224,139,158,386,100,347,224,44,335,205,Regular Season
1630162,Anthony Edwards,40,25,15,0.625,35.3,117.0,112.0,5.0,12.4,0.019,0.139,0.08,8.98,0.314,102.87,182,90,233,128,13,61,258,129,393,433,243,306,44,15,211,Regular Season
1628368,De'Aaron Fox,40,27,13,0.675,32.5,115.6,112.3,3.3,23.9,0.021,0.11,0.066,9.828,0.254,102.75,182,61,203,68,46,108,269,158,110,424,348,391,44,64,219,Regular Season
1629029,Luka Dončić,40,25,15,0.625,36.2,116.9,116.1,0.8,21.9,0.026,0.222,0.128,10.476,0.374,102.3,182,90,233,128,4,63,409,216,143,389,60,122,44,1,253,Regular Season
1630163,LaMelo Ball,40,19,21,0.475,27.4,119.2,114.7,4.5,26.8,0.037,0.156,0.098,11.024,0.313,102.16,182,198,381,304,135,32,372,135,80,302,187,230,44,16,262,Regular Season
1642860,Will Riley,40,12,28,0.3,14.9,102.4,116.5,-14.1,17.0,0.056,0.092,0.073,10.396,0.185,101.75,182,306,467,411,335,466,421,475,257,195,427,354,44,218,285,Regular Season
1629652,Luguentz Dort,40,30,10,0.75,27.7,116.6,105.0,11.6,12.0,0.037,0.113,0.077,7.246,0.139,101.7,182,24,143,31,131,74,57,34,408,293,339,324,44,401,287,Regular Season
203471,Dennis Schröder,40,8,32,0.2,26.4,106.6,116.3,-9.7,27.4,0.023,0.108,0.065,10.253,0.23,101.67,182,379,496,481,150,409,412,427,70,409,361,397,44,101,292,Regular Season
1628371,Jonathan Isaac,40,21,19,0.525,10.3,106.8,107.9,-1.0,10.6,0.08,0.201,0.137,10.629,0.128,101.16,182,166,334,241,408,407,111,255,448,123,87,98,44,438,325,Regular Season
1629637,Jaxson Hayes,40,25,15,0.625,17.4,113.4,114.4,-0.9,14.7,0.09,0.162,0.126,9.183,0.115,101.01,182,90,233,128,289,164,361,253,330,96,174,124,44,466,332,Regular Season
1642920,Kobe Sanders,40,21,19,0.525,21.3,112.4,110.8,1.6,17.7,0.027,0.104,0.067,14.911,0.155,99.59,182,166,334,241,225,206,209,195,243,381,380,387,44,328,401,Regular Season
1642867,Collin Murray-Boyles,40,21,19,0.525,22.0,107.7,108.7,-1.0,20.8,0.123,0.137,0.13,12.184,0.152,99.42,182,166,334,241,216,381,136,255,163,49,250,117,44,342,409,Regular Season
1630578,Alperen Sengun,40,26,14,0.65,34.1,115.8,112.2,3.5,22.3,0.101,0.201,0.151,11.394,0.271,98.76,182,72,219,98,26,103,266,153,136,79,86,74,44,43,435,Regular Season
1630568,Luka Garza,40,25,15,0.625,16.6,118.1,112.7,5.4,15.0,0.16,0.124,0.143,7.348,0.155,98.25,182,90,233,128,303,44,289,115,321,20,297,88,44,328,455,Regular Season
1631107,Nikola Jović,39,20,19,0.513,18.8,109.5,106.3,3.2,19.7,0.033,0.164,0.1,13.144,0.214,108.85,198,183,334,252,268,317,83,161,189,335,168,220,44,133,17,Regular Season
201939,Stephen Curry,39,23,16,0.59,31.3,116.6,114.6,2.0,16.7,0.015,0.111,0.063,9.79,0.32,105.16,198,123,258,180,62,74,370,186,266,466,346,407,44,13,66,Regular Season
1628386,Jarrett Allen,39,24,15,0.615,27.1,117.6,111.6,5.9,14.2,0.097,0.227,0.164,10.05,0.187,104.6,198,109,233,148,140,50,243,95,348,84,49,52,44,207,96,Regular Season
1641737,Adem Bona,39,23,16,0.59,16.3,110.2,109.0,1.1,5.5,0.115,0.152,0.134,18.275,0.102,103.91,198,123,258,180,308,296,145,208,499,52,197,107,477,489,129,Regular Season
1642848,Tre Johnson,39,10,29,0.256,25.1,110.7,117.0,-6.2,14.5,0.022,0.091,0.057,9.686,0.212,103.73,198,336,476,444,167,277,429,373,336,416,430,445,44,137,139,Regular Season
1642273,Kyshawn George,39,8,31,0.205,31.0,108.8,117.6,-8.8,23.1,0.032,0.158,0.095,13.479,0.225,103.51,198,379,493,480,71,346,441,417,121,336,182,238,44,107,151,Regular Season
1642264,Stephon Castle,39,26,13,0.667,31.1,112.0,107.6,4.4,27.6,0.042,0.13,0.087,13.506,0.251,103.1,198,72,203,73,68,230,104,139,67,265,274,271,44,66,192,Regular Season
1629614,Andrew Nembhard,39,10,29,0.256,32.0,109.1,117.3,-8.2,29.5,0.015,0.089,0.051,9.348,0.24,102.41,198,336,476,444,51,334,435,408,52,459,437,477,44,79,245,Regular Season
1630631,Jose Alvarado,39,10,29,0.256,21.8,109.6,112.1,-2.5,27.6,0.019,0.118,0.069,10.455,0.164,101.67,198,336,476,444,220,313,261,296,68,434,318,377,44,305,292,Regular Season
1630611,Gui Santos,39,20,19,0.513,12.7,107.9,105.5,2.4,19.9,0.066,0.159,0.111,14.007,0.148,101.59,198,183,334,252,368,375,68,177,182,161,180,175,44,364,297,Regular Season
1642844,Dylan Harper,39,27,12,0.692,21.4,112.9,105.5,7.4,22.9,0.036,0.127,0.082,9.358,0.233,101.5,198,61,182,61,224,184,68,75,127,317,284,295,44,96,300,Regular Season
1628384,OG Anunoby,39,25,14,0.641,32.8,118.7,110.9,7.8,12.9,0.047,0.136,0.091,11.886,0.203,101.26,198,90,219,103,44,37,213,64,383,235,251,251,44,152,317,Regular Season
203935,Marcus Smart,39,23,16,0.59,28.5,115.8,112.6,3.2,20.9,0.028,0.091,0.061,13.321,0.16,101.19,198,123,258,180,115,103,284,161,161,367,431,420,44,316,323,Regular Season
1642885,Mohamed Diawara,39,23,16,0.59,5.5,112.4,112.9,-0.5,17.3,0.048,0.155,0.103,11.857,0.181,100.86,198,123,258,180,481,206,300,241,251,233,190,210,44,239,338,Regular Season
1629020,Jarred Vanderbilt,39,23,16,0.59,19.4,113.4,112.5,0.9,19.7,0.096,0.209,0.151,14.757,0.12,100.65,198,123,258,180,256,164,279,215,191,88,77,72,44,453,356,Regular Season
1630811,Keaton Wallace,39,20,19,0.513,11.4,104.5,109.9,-5.4,33.1,0.007,0.113,0.058,9.097,0.161,100.39,198,183,334,252,389,446,174,356,27,488,340,438,44,314,369,Regular Season
1642261,Dalton Knecht,39,22,17,0.564,11.9,109.2,112.3,-3.1,6.7,0.029,0.116,0.074,8.767,0.173,98.62,198,148,281,210,378,332,269,307,493,365,325,350,44,271,442,Regular Season
203994,Jusuf Nurkić,38,12,26,0.316,26.5,108.2,117.6,-9.4,27.7,0.104,0.301,0.202,14.22,0.193,106.6,215,306,443,401,147,366,441,424,65,73,9,25,44,178,40,Regular Season
1630200,Tre Jones,38,20,18,0.526,26.9,114.6,114.8,-0.1,34.9,0.026,0.094,0.06,8.167,0.17,105.0,215,183,309,240,142,126,376,233,23,386,421,423,44,285,73,Regular Season
1641767,Ben Sheppard,38,11,27,0.289,21.7,103.7,114.0,-10.4,20.7,0.03,0.13,0.077,6.27,0.127,104.32,215,324,453,417,222,453,342,438,167,353,275,323,44,440,104,Regular Season
1642259,Alex Sarr,38,10,28,0.263,28.6,108.9,118.1,-9.2,13.8,0.086,0.194,0.14,8.574,0.257,103.87,215,336,467,440,113,344,455,422,358,102,98,93,44,56,133,Regular Season
1631255,Karlo Matković,38,12,26,0.316,12.8,104.7,111.8,-7.1,14.5,0.069,0.195,0.131,11.136,0.131,103.27,215,306,443,401,366,444,251,391,338,155,96,114,44,428,175,Regular Season
1641750,Ryan Kalkbrenner,38,18,20,0.474,23.5,108.5,114.7,-6.2,9.1,0.115,0.167,0.142,14.244,0.116,103.23,215,207,362,305,199,357,372,373,471,54,156,91,44,463,179,Regular Season
1629060,Rui Hachimura,38,25,13,0.658,29.8,116.2,115.2,1.0,7.7,0.028,0.106,0.068,6.596,0.155,102.45,215,90,203,90,93,91,386,210,484,370,372,379,44,328,241,Regular Season
1631094,Paolo Banchero,38,18,20,0.474,34.4,112.0,114.1,-2.1,18.1,0.039,0.249,0.144,10.549,0.274,102.29,215,207,362,305,19,230,351,286,231,284,32,82,44,39,254,Regular Season
202710,Jimmy Butler III,38,23,15,0.605,31.1,116.0,109.3,6.7,22.2,0.084,0.115,0.1,7.2,0.234,101.93,215,123,233,157,69,98,154,84,138,108,328,219,44,90,275,Regular Season
1628396,Tony Bradley,38,9,29,0.237,11.0,105.2,117.6,-12.4,12.4,0.13,0.15,0.139,10.499,0.14,101.42,215,361,476,463,396,440,441,464,396,43,204,95,44,395,304,Regular Season
1631230,Dominick Barlow,38,22,16,0.579,23.7,113.3,110.7,2.6,15.1,0.091,0.129,0.11,9.726,0.129,100.75,215,148,258,193,196,168,203,173,319,93,276,181,44,435,348,Regular Season
1628404,Josh Hart,38,26,12,0.684,30.8,116.8,112.6,4.2,29.3,0.056,0.229,0.139,12.148,0.168,100.71,215,72,182,63,76,64,284,142,54,194,48,94,44,295,351,Regular Season
1642868,Carter Bryant,38,27,11,0.711,8.3,107.0,108.9,-2.0,5.5,0.057,0.162,0.111,9.363,0.169,100.7,215,61,158,52,436,403,142,282,500,192,173,177,44,289,354,Regular Season
1629008,Michael Porter Jr.,38,12,26,0.316,33.1,112.3,115.3,-2.9,12.2,0.045,0.219,0.129,9.373,0.303,99.6,215,306,443,401,38,213,390,301,402,248,62,118,44,21,399,Regular Season
202685,Jonas Valančiūnas,38,26,12,0.684,14.5,113.4,117.8,-4.4,13.5,0.126,0.264,0.199,11.887,0.266,97.12,215,72,182,63,342,164,447,337,366,46,28,27,44,50,480,Regular Season
1642258,Zaccharie Risacher,37,17,20,0.459,24.5,112.1,113.1,-1.0,11.5,0.04,0.106,0.072,7.721,0.18,107.49,230,224,362,315,174,224,310,255,426,276,371,359,44,243,25,Regular Season
1628963,Marvin Bagley III,37,10,27,0.27,19.3,110.0,117.1,-7.0,14.6,0.142,0.17,0.156,11.378,0.185,103.37,230,336,453,433,258,299,431,390,333,32,149,63,44,218,165,Regular Season
1642878,Tyrese Proctor,37,24,13,0.649,10.6,108.6,114.0,-5.4,20.7,0.016,0.099,0.056,9.354,0.209,101.89,230,109,203,99,405,355,342,356,165,452,405,453,44,144,278,Regular Season
203897,Zach LaVine,37,9,28,0.243,32.0,108.5,119.8,-11.3,11.3,0.007,0.096,0.05,9.735,0.242,101.42,230,361,467,460,52,357,475,456,428,489,410,479,44,77,304,Regular Season
203083,Andre Drummond,37,20,17,0.541,19.6,110.1,113.1,-2.9,9.9,0.176,0.309,0.238,11.644,0.148,100.58,230,183,281,228,250,298,310,301,462,8,8,6,44,364,358,Regular Season
1630192,Zeke Nnaji,37,26,11,0.703,13.5,107.8,115.0,-7.2,11.6,0.067,0.163,0.118,11.564,0.145,98.37,230,72,158,55,358,376,381,392,420,159,170,153,44,381,449,Regular Season
1631213,Tyrese Martin,37,8,29,0.216,18.8,105.7,117.8,-12.0,18.7,0.049,0.135,0.088,8.957,0.189,98.17,230,379,476,475,269,429,447,461,214,226,256,261,44,196,457,Regular Season
1642962,Drake Powell,37,10,27,0.27,19.3,103.1,116.7,-13.6,20.2,0.016,0.084,0.049,12.111,0.15,98.07,230,336,453,433,259,460,423,473,175,449,461,483,44,355,459,Regular Season
1628374,Lauri Markkanen,36,14,22,0.389,35.8,112.4,116.0,-3.6,8.4,0.061,0.152,0.107,5.833,0.273,104.92,238,270,393,358,7,206,406,319,479,175,196,193,44,41,74,Regular Season
1629023,P.J. Washington,36,10,26,0.278,30.9,103.6,110.4,-6.8,10.6,0.05,0.183,0.119,12.063,0.211,104.63,238,336,443,427,73,455,188,385,447,220,117,152,44,139,93,Regular Season
1642262,Cody Williams,36,9,27,0.25,18.4,112.2,123.2,-11.1,11.7,0.049,0.084,0.066,8.068,0.14,104.29,238,361,453,450,277,218,496,454,418,223,460,389,44,395,109,Regular Season
204456,T.J. McConnell,36,12,24,0.333,17.2,107.0,112.9,-5.9,33.0,0.03,0.118,0.073,8.34,0.247,103.36,238,306,422,389,293,403,300,370,29,356,320,353,44,71,167,Regular Season
1642348,Justin Edwards,36,22,14,0.611,14.5,112.5,122.1,-9.6,18.0,0.035,0.087,0.06,9.676,0.151,103.18,238,148,219,152,341,202,490,426,233,318,454,425,44,349,184,Regular Season
1630543,Isaiah Jackson,36,9,27,0.25,16.4,107.2,115.1,-7.9,10.5,0.145,0.213,0.178,16.09,0.156,103.12,238,361,453,450,306,399,384,402,452,28,67,42,477,327,188,Regular Season
1630170,Devin Vassell,36,25,11,0.694,31.3,116.4,108.9,7.5,14.1,0.015,0.116,0.067,5.611,0.19,102.95,238,90,158,60,64,83,142,71,351,460,323,386,44,193,200,Regular Season
1642948,Ryan Nembhard,36,16,20,0.444,19.0,109.2,113.0,-3.8,37.7,0.012,0.088,0.051,11.356,0.182,101.25,238,239,362,326,266,332,305,326,15,474,448,475,44,232,318,Regular Season
1642419,Jamison Battle,36,22,14,0.611,8.5,114.4,103.1,11.3,12.1,0.042,0.139,0.094,12.073,0.145,99.54,238,148,219,152,432,129,39,36,406,261,244,243,44,381,403,Regular Season
1628418,Thomas Bryant,35,19,16,0.543,9.9,108.5,109.5,-1.0,12.2,0.073,0.204,0.137,8.717,0.176,105.08,247,198,258,224,414,357,162,255,400,140,82,99,44,253,68,Regular Season
1628366,Lonzo Ball,35,19,16,0.543,20.8,110.5,109.8,0.7,36.4,0.037,0.175,0.103,13.932,0.134,105.04,247,198,258,224,231,289,170,220,18,299,135,207,44,416,70,Regular Season
1641763,Julian Phillips,35,14,21,0.4,9.5,107.2,108.7,-1.6,6.6,0.071,0.065,0.068,6.552,0.124,104.72,247,270,381,347,418,399,136,275,494,146,493,381,44,445,85,Regular Season
1642265,Rob Dillingham,35,22,13,0.629,9.3,101.6,107.6,-5.9,23.8,0.017,0.119,0.069,14.766,0.238,104.67,247,148,203,124,421,474,104,370,111,446,313,378,44,83,89,Regular Season
1629627,Zion Williamson,35,10,25,0.286,29.3,110.8,117.1,-6.2,14.7,0.082,0.14,0.11,9.978,0.271,104.51,247,336,430,419,101,276,431,373,328,116,239,180,44,43,99,Regular Season
203939,Dwight Powell,35,13,22,0.371,14.7,115.2,108.1,7.1,27.3,0.109,0.179,0.145,13.294,0.08,104.09,247,282,393,370,339,117,118,81,71,65,127,81,44,512,121,Regular Season
1642272,Jared McCain,35,20,15,0.571,17.1,113.5,110.7,2.9,17.4,0.011,0.121,0.066,8.696,0.186,103.37,247,183,233,200,296,154,203,166,250,478,309,390,44,211,165,Regular Season
1631218,Trayce Jackson-Davis,35,20,15,0.571,11.6,108.1,113.3,-5.2,18.3,0.126,0.18,0.152,10.293,0.144,102.48,247,183,233,200,384,368,320,350,226,47,123,70,44,384,238,Regular Season
1631119,Jaylin Williams,35,29,6,0.829,18.8,116.3,100.0,16.3,27.7,0.034,0.224,0.134,10.831,0.15,102.36,247,40,86,15,271,88,23,22,64,329,59,108,44,355,250,Regular Season
1641705,Victor Wembanyama,35,23,12,0.657,28.9,116.1,105.3,10.8,10.9,0.079,0.319,0.208,10.893,0.33,101.23,247,123,182,91,108,94,65,38,441,125,5,16,44,9,319,Regular Season
1641722,Jordan Hawkins,35,6,29,0.171,14.1,107.5,115.5,-8.1,11.6,0.031,0.103,0.067,9.781,0.172,101.05,247,405,476,489,349,390,396,405,421,349,383,382,44,274,329,Regular Season
1630598,Aaron Wiggins,35,26,9,0.743,23.8,114.3,105.0,9.2,14.5,0.029,0.12,0.077,10.392,0.193,100.8,247,72,126,39,194,132,57,53,334,361,312,326,44,178,345,Regular Season
1630540,Miles McBride,35,22,13,0.629,28.0,120.9,110.1,10.8,19.2,0.023,0.08,0.05,5.534,0.175,99.35,247,148,203,124,124,21,178,38,201,407,468,480,44,258,414,Regular Season
1629011,Mitchell Robinson,35,22,13,0.629,19.8,120.4,110.6,9.9,18.8,0.243,0.244,0.244,12.552,0.092,98.91,247,148,203,124,248,27,197,45,210,3,35,5,44,502,426,Regular Season
203914,Gary Harris,35,12,23,0.343,14.8,108.7,115.2,-6.5,30.4,0.028,0.093,0.061,12.004,0.076,98.65,247,306,403,388,337,350,386,379,43,368,425,422,44,514,440,Regular Season
202695,Kawhi Leonard,35,19,16,0.543,32.9,116.4,111.3,5.1,12.9,0.037,0.176,0.109,7.517,0.326,98.64,247,198,258,224,42,83,230,126,384,298,133,183,44,10,441,Regular Season
1629618,Jalen Pickett,35,23,12,0.657,18.6,110.9,112.8,-2.0,31.3,0.031,0.13,0.083,8.95,0.15,97.38,247,123,182,91,273,273,294,282,35,348,273,291,44,355,475,Regular Season
203924,Jerami Grant,34,14,20,0.412,28.9,112.7,116.3,-3.7,11.9,0.034,0.103,0.067,10.451,0.247,105.74,264,270,362,341,107,191,412,322,412,328,382,383,44,71,52,Regular Season
1630581,Josh Giddey,34,17,17,0.5,32.1,112.8,114.3,-1.5,30.9,0.042,0.236,0.143,12.405,0.256,105.22,264,224,281,259,50,186,359,271,39,266,40,87,44,59,64,Regular Season
1631200,Kris Murray,34,14,20,0.412,25.7,108.0,113.3,-5.3,15.8,0.073,0.095,0.083,11.633,0.103,103.86,264,270,362,341,159,372,320,353,299,141,418,288,44,485,134,Regular Season
1629057,Robert Williams III,34,16,18,0.471,16.3,109.3,111.3,-2.1,18.3,0.139,0.293,0.219,11.485,0.117,103.26,264,239,309,308,309,324,230,286,227,36,11,10,44,458,176,Regular Season
1642854,Asa Newell,34,17,17,0.5,10.9,110.7,111.5,-0.8,10.4,0.084,0.12,0.101,10.417,0.173,102.98,264,224,281,259,398,277,240,250,454,107,310,216,44,271,199,Regular Season
203999,Nikola Jokić,34,23,11,0.676,34.1,126.9,114.8,12.1,30.9,0.107,0.294,0.205,10.187,0.298,102.82,264,123,158,67,24,8,376,30,40,67,10,23,44,24,214,Regular Season
1630194,Paul Reed,34,24,10,0.706,11.6,111.1,103.7,7.4,17.9,0.175,0.238,0.206,14.727,0.191,102.56,264,109,143,54,385,266,46,75,238,9,38,21,44,190,235,Regular Season
1630175,Cole Anthony,34,11,23,0.324,15.1,104.0,113.8,-9.8,27.8,0.032,0.15,0.091,15.092,0.258,101.0,264,324,403,397,333,450,336,430,61,337,204,254,477,55,333,Regular Season
1630311,Pat Spencer,34,20,14,0.588,13.5,109.1,109.0,0.1,32.2,0.049,0.114,0.08,10.187,0.188,100.88,264,183,219,185,357,334,145,229,32,225,332,309,44,203,337,Regular Season
1630533,Ziaire Williams,34,10,24,0.294,22.9,104.0,113.7,-9.7,7.3,0.029,0.105,0.065,9.913,0.178,100.57,264,336,422,413,204,450,333,427,486,362,373,399,44,248,359,Regular Season
1642859,Jase Richardson,34,14,20,0.412,11.7,113.2,115.3,-2.1,18.9,0.046,0.087,0.066,9.699,0.182,100.51,264,270,362,341,382,170,390,286,208,244,455,392,44,232,361,Regular Season
1642874,Danny Wolf,34,10,24,0.294,19.9,102.0,112.3,-10.3,17.6,0.058,0.21,0.128,9.884,0.195,96.95,264,336,422,413,245,471,269,437,245,189,75,119,44,175,484,Regular Season
1631207,Dalen Terry,33,14,19,0.424,11.0,105.3,108.8,-3.5,25.2,0.049,0.127,0.086,12.605,0.141,105.64,276,270,334,340,395,438,139,316,95,228,285,273,44,391,53,Regular Season
1630702,Jaden Hardy,33,11,22,0.333,12.4,111.5,109.5,1.9,11.1,0.03,0.088,0.059,9.934,0.234,104.65,276,324,393,389,373,250,162,188,437,358,447,430,44,90,92,Regular Season
203114,Khris Middleton,33,12,21,0.364,24.4,111.1,116.8,-5.7,22.6,0.039,0.132,0.085,11.379,0.193,104.43,276,306,381,372,178,266,425,362,132,285,267,278,44,178,102,Regular Season
1641707,Taylor Hendricks,33,8,25,0.242,14.9,105.6,121.6,-15.9,12.9,0.063,0.165,0.112,10.748,0.138,104.14,276,379,430,461,336,432,488,483,381,166,160,170,44,404,117,Regular Season
202699,Tobias Harris,33,23,10,0.697,27.5,113.4,109.8,3.6,16.0,0.037,0.147,0.091,7.12,0.189,103.79,276,123,143,57,132,164,170,149,290,301,216,253,44,196,136,Regular Season
1629655,Daniel Gafford,33,8,25,0.242,21.0,105.1,110.5,-5.4,10.8,0.107,0.193,0.152,15.653,0.146,103.23,276,379,430,461,230,441,196,356,442,68,102,69,477,372,179,Regular Season
1631093,Jaden Ivey,33,23,10,0.697,16.8,110.0,105.2,4.8,16.1,0.039,0.107,0.073,10.812,0.203,102.72,276,123,143,57,301,299,61,131,289,283,369,355,44,152,223,Regular Season
1631246,Vince Williams Jr.,33,13,20,0.394,21.6,108.3,106.9,1.5,30.0,0.051,0.14,0.097,13.054,0.2,102.01,276,282,362,355,223,364,89,199,46,216,240,232,44,160,268,Regular Season
1641706,Brandon Miller,33,19,14,0.576,30.1,116.5,110.6,5.8,13.9,0.041,0.125,0.085,10.552,0.29,101.33,276,198,219,199,89,78,197,104,354,269,291,280,44,25,310,Regular Season
1642869,Noah Penda,33,15,18,0.455,13.7,111.9,115.0,-3.2,17.9,0.116,0.194,0.153,11.935,0.162,100.94,276,254,309,318,353,235,381,308,235,51,99,68,44,312,336,Regular Season
1642382,Branden Carlson,33,27,6,0.818,10.8,115.3,111.7,3.6,11.4,0.056,0.19,0.124,7.208,0.185,100.47,276,61,86,16,400,114,245,149,427,196,105,134,44,218,366,Regular Season
1628960,Grayson Allen,33,18,15,0.545,30.0,114.2,112.7,1.5,19.8,0.026,0.088,0.056,7.963,0.229,100.44,276,207,233,221,90,136,289,199,183,387,444,451,44,102,368,Regular Season
1630574,Ariel Hukporti,33,21,12,0.636,8.5,111.2,107.0,4.2,21.3,0.126,0.204,0.165,21.335,0.095,99.95,276,166,182,108,431,259,91,142,152,45,84,50,477,500,384,Regular Season
1630579,Jericho Sims,33,11,22,0.333,13.6,100.7,117.0,-16.3,17.8,0.101,0.204,0.151,29.985,0.088,98.9,276,324,393,389,355,480,429,487,239,78,83,73,515,504,427,Regular Season
1630592,Jalen Wilson,33,6,27,0.182,14.5,105.3,116.2,-10.9,10.2,0.011,0.115,0.058,7.753,0.172,96.65,276,405,453,487,344,438,410,450,457,477,329,437,44,274,487,Regular Season
1642353,Cam Christie,33,15,18,0.455,10.1,111.2,103.0,8.2,14.0,0.047,0.141,0.099,10.027,0.177,96.48,276,254,309,318,411,259,37,59,352,241,238,226,44,251,490,Regular Season
1641871,Duop Reath,32,16,16,0.5,8.1,102.7,110.9,-8.2,10.7,0.041,0.107,0.075,7.475,0.134,103.88,292,239,258,259,443,463,213,408,445,268,368,336,44,416,132,Regular Season
1627936,Alex Caruso,32,26,6,0.813,18.2,121.1,101.0,20.1,24.9,0.036,0.137,0.088,9.147,0.151,103.58,292,72,86,17,279,19,26,14,99,311,247,260,44,349,144,Regular Season
1628988,Aaron Holiday,32,21,11,0.656,13.4,112.4,110.4,2.1,14.4,0.01,0.061,0.035,9.784,0.182,99.1,292,166,158,93,360,206,188,183,339,480,497,505,44,232,420,Regular Season
203500,Steven Adams,32,21,11,0.656,22.8,114.8,104.9,9.9,18.6,0.225,0.189,0.206,13.585,0.117,99.06,292,166,158,93,205,121,55,45,218,4,110,19,44,458,422,Regular Season
1631169,Josh Minott,32,21,11,0.656,16.2,116.1,110.8,5.3,16.6,0.083,0.159,0.122,9.575,0.139,98.53,292,166,158,93,313,94,209,119,269,113,179,139,44,401,444,Regular Season
1641738,Kobe Brown,32,13,19,0.406,8.8,104.3,117.6,-13.2,21.0,0.075,0.145,0.11,9.343,0.163,96.14,292,282,334,345,427,449,441,471,160,134,222,182,44,306,495,Regular Season
1627747,Caris LeVert,31,23,8,0.742,19.7,107.8,105.4,2.4,24.5,0.014,0.083,0.049,12.245,0.182,103.11,298,123,112,40,249,376,67,177,106,467,464,482,44,232,189,Regular Season
1629234,Drew Eubanks,31,7,24,0.226,13.7,106.8,117.4,-10.7,4.9,0.071,0.155,0.113,15.345,0.159,102.4,298,393,422,472,354,407,437,444,503,147,189,165,477,320,247,Regular Season
1642277,Johnny Furphy,31,10,21,0.323,17.9,111.3,114.8,-3.5,14.1,0.059,0.212,0.135,13.126,0.133,101.66,298,336,381,398,282,255,376,316,350,184,68,103,44,423,294,Regular Season
2544,LeBron James,31,18,13,0.581,33.1,114.6,115.7,-1.1,23.6,0.026,0.173,0.102,10.124,0.282,100.65,298,207,203,192,39,126,401,263,114,388,143,213,44,31,356,Regular Season
1642275,Tidjane Salaün,31,15,16,0.484,16.0,113.2,111.9,1.3,12.7,0.059,0.245,0.156,11.753,0.151,100.28,298,254,258,293,315,170,255,204,387,186,34,62,44,349,374,Regular Season
1630557,Corey Kispert,30,7,23,0.233,19.5,107.7,117.8,-10.0,16.1,0.017,0.094,0.056,8.057,0.175,106.13,303,393,403,467,253,381,447,432,288,445,419,454,44,258,46,Regular Season
1629723,John Konchar,30,13,17,0.433,14.5,103.6,102.8,0.8,30.6,0.047,0.17,0.108,10.71,0.087,104.08,303,282,281,333,343,455,35,216,42,238,148,185,44,505,122,Regular Season
1641774,Tristan Vukcevic,30,5,25,0.167,11.4,103.6,119.7,-16.2,11.9,0.053,0.17,0.111,12.261,0.267,103.76,303,416,430,490,388,455,472,485,413,215,150,177,44,47,137,Regular Season
203507,Giannis Antetokounmpo,30,15,15,0.5,29.2,120.2,113.7,6.5,19.0,0.113,0.266,0.193,11.285,0.358,100.79,303,254,233,259,104,28,333,86,207,56,25,32,44,5,346,Regular Season
1630544,Tre Mann,30,13,17,0.433,16.3,108.0,123.0,-15.0,19.3,0.043,0.119,0.08,11.718,0.238,99.5,303,282,281,333,310,372,495,478,197,256,315,307,44,83,406,Regular Season
1629026,Kenrich Williams,30,21,9,0.7,15.7,119.5,109.8,9.7,21.5,0.062,0.166,0.116,8.789,0.171,98.78,303,166,126,56,321,31,170,50,149,169,159,157,44,278,434,Regular Season
1642959,Chris Youngblood,30,26,4,0.867,4.9,111.0,106.8,4.2,14.0,0.044,0.124,0.085,1.553,0.171,98.01,303,72,60,8,487,269,86,142,353,253,298,278,1,278,463,Regular Season
1642905,Yang Hansen,29,14,15,0.483,8.1,98.4,109.0,-10.6,16.2,0.071,0.147,0.112,19.243,0.19,104.89,310,270,233,294,442,490,145,440,285,145,215,172,477,193,75,Regular Season
1641731,Bilal Coulibaly,29,10,19,0.345,26.4,108.4,116.3,-7.8,18.7,0.038,0.149,0.093,10.626,0.175,104.63,310,336,334,387,149,362,412,400,215,289,211,247,44,258,93,Regular Season
1631121,Bryce McGowens,29,6,23,0.207,19.4,112.2,119.5,-7.3,16.1,0.019,0.098,0.058,6.37,0.146,104.31,310,405,403,479,254,218,470,394,286,432,407,443,44,372,106,Regular Season
201143,Al Horford,29,17,12,0.586,19.9,113.5,111.1,2.4,23.5,0.053,0.239,0.143,9.618,0.16,102.73,310,224,182,189,244,154,224,177,115,211,36,84,44,316,220,Regular Season
1641724,Jett Howard,29,14,15,0.483,10.7,114.9,115.7,-0.8,14.8,0.033,0.112,0.071,3.706,0.182,100.33,310,270,233,294,403,120,401,250,324,331,343,369,1,232,370,Regular Season
1642853,Rasheer Fleming,29,18,11,0.621,6.5,100.6,109.0,-8.4,5.4,0.106,0.104,0.105,7.622,0.186,100.27,310,207,158,141,467,481,145,410,501,70,376,198,44,211,375,Regular Season
1630256,Jae'Sean Tate,29,22,7,0.759,8.0,106.2,114.8,-8.5,16.8,0.099,0.109,0.104,8.969,0.138,98.76,310,148,101,29,444,420,376,411,261,82,352,203,44,404,435,Regular Season
1630591,Jalen Suggs,28,16,12,0.571,26.1,113.1,108.0,5.1,24.7,0.032,0.134,0.082,12.791,0.238,106.42,317,239,182,200,156,177,113,126,101,342,261,300,44,83,42,Regular Season
1630619,Moussa Cisse,28,10,18,0.357,11.9,110.6,110.6,0.0,6.1,0.161,0.227,0.194,18.16,0.133,105.78,317,336,309,378,379,286,197,230,495,17,51,31,477,423,51,Regular Season
1630174,Aaron Nesmith,28,8,20,0.286,30.6,108.7,113.8,-5.1,13.5,0.046,0.131,0.086,8.678,0.196,104.83,317,379,362,419,80,350,336,347,363,246,272,275,44,172,79,Regular Season
1629673,Jordan Poole,28,9,19,0.321,25.4,107.8,116.0,-8.1,16.5,0.009,0.07,0.038,10.199,0.249,104.8,317,361,334,399,164,376,406,405,271,483,488,499,44,69,82,Regular Season
1629632,Coby White,28,14,14,0.5,29.0,117.4,114.7,2.7,20.2,0.01,0.118,0.066,12.905,0.276,103.42,317,270,219,259,105,55,372,171,174,481,316,394,44,37,160,Regular Season
1629628,RJ Barrett,28,19,9,0.679,29.4,115.1,112.3,2.8,16.8,0.036,0.158,0.099,7.478,0.261,102.73,317,198,126,66,98,118,269,169,262,303,183,225,44,53,220,Regular Season
1630529,Herbert Jones,28,10,18,0.357,28.3,111.3,113.5,-2.3,19.3,0.036,0.104,0.068,9.646,0.155,101.97,317,336,309,378,120,255,325,292,198,304,374,380,44,328,270,Regular Season
1631103,Malaki Branham,28,7,21,0.25,9.8,104.9,110.4,-5.4,16.0,0.044,0.131,0.085,10.42,0.184,101.63,317,393,381,450,415,442,188,356,291,253,270,281,44,225,295,Regular Season
203482,Kelly Olynyk,28,20,8,0.714,9.5,109.9,111.0,-1.1,25.7,0.069,0.139,0.104,11.747,0.159,101.28,317,183,112,46,417,307,217,263,87,152,242,204,44,320,315,Regular Season
1629661,Cameron Johnson,28,20,8,0.714,30.6,125.0,114.1,10.9,18.2,0.028,0.102,0.067,7.427,0.15,101.09,317,183,112,46,81,9,351,37,229,366,388,384,44,355,327,Regular Season
203954,Joel Embiid,28,17,11,0.607,31.0,118.9,111.0,7.8,13.4,0.081,0.189,0.135,10.675,0.346,101.04,317,224,158,156,72,33,217,64,370,119,108,102,44,6,330,Regular Season
1629599,Amir Coffey,28,10,18,0.357,7.8,100.2,106.0,-5.8,12.9,0.025,0.079,0.051,6.435,0.11,100.77,317,336,309,378,448,483,80,365,385,394,471,474,44,476,347,Regular Season
1630208,Nick Richards,28,15,13,0.536,9.1,104.9,117.2,-12.3,6.9,0.146,0.263,0.201,21.492,0.175,100.48,317,254,203,232,422,442,434,462,492,27,30,26,477,258,364,Regular Season
1629216,Gabe Vincent,28,16,12,0.571,19.4,118.7,118.0,0.8,20.0,0.016,0.039,0.028,6.673,0.116,100.48,317,239,182,200,255,37,454,216,177,455,507,511,44,463,364,Regular Season
1630322,Lindy Waters III,28,20,8,0.714,6.8,107.6,112.3,-4.7,15.8,0.011,0.109,0.06,5.76,0.132,100.07,317,183,112,46,462,387,269,340,295,475,358,424,44,426,380,Regular Season
1642862,Liam McNeeley,28,10,18,0.357,12.2,112.2,111.9,0.2,16.8,0.038,0.171,0.104,8.782,0.143,98.88,317,336,309,378,375,218,255,226,260,290,145,205,44,387,428,Regular Season
1642949,Yanic Konan Niederhäuser,28,15,13,0.536,8.2,118.5,112.3,6.2,8.9,0.115,0.183,0.149,13.321,0.163,96.38,317,254,203,232,439,39,269,90,475,53,116,77,44,306,491,Regular Season
1630241,Sam Merrill,27,18,9,0.667,25.6,118.2,109.9,8.3,18.2,0.028,0.071,0.049,6.892,0.177,105.09,334,207,126,73,162,42,174,57,228,371,486,485,44,251,67,Regular Season
201567,Kevin Love,27,8,19,0.296,17.5,116.5,127.4,-10.9,20.4,0.106,0.277,0.188,9.147,0.169,103.8,334,379,334,412,288,78,504,450,171,69,16,36,44,289,135,Regular Season
1631097,Bennedict Mathurin,27,7,20,0.259,31.7,107.1,117.7,-10.6,11.1,0.026,0.164,0.093,12.194,0.235,102.46,334,393,362,443,57,402,445,440,439,390,163,246,44,88,239,Regular Season
1630587,Isaiah Livers,27,17,10,0.63,10.4,112.8,105.3,7.5,22.6,0.063,0.143,0.103,13.575,0.1,102.45,334,224,143,123,407,186,65,71,128,165,225,208,44,493,241,Regular Season
1641713,GG Jackson,27,9,18,0.333,17.0,111.0,114.3,-3.2,11.3,0.026,0.175,0.1,10.52,0.2,102.39,334,361,309,389,297,269,359,308,429,385,136,218,44,160,248,Regular Season
1631110,Jeremy Sochan,27,18,9,0.667,13.1,106.4,114.0,-7.5,18.5,0.08,0.16,0.118,11.917,0.148,101.94,334,207,126,73,362,415,342,395,221,122,178,154,44,364,273,Regular Season
202331,Paul George,27,16,11,0.593,30.5,115.1,109.3,5.8,18.8,0.018,0.17,0.092,8.279,0.224,100.22,334,239,158,175,82,118,154,104,212,439,147,250,44,110,377,Regular Season
1642964,Brooks Barnhizer,27,21,6,0.778,7.2,101.7,112.5,-10.8,19.7,0.053,0.189,0.124,10.955,0.086,99.43,334,166,86,22,454,473,279,447,188,208,109,131,44,506,408,Regular Season
1628502,Nigel Hayes-Davis,27,15,12,0.556,7.2,96.2,114.0,-17.8,11.2,0.067,0.125,0.095,12.747,0.122,98.73,334,254,182,218,453,493,342,493,433,158,291,236,44,448,438,Regular Season
1631124,Julian Strawther,27,18,9,0.667,11.6,106.4,111.7,-5.3,16.5,0.011,0.136,0.076,6.966,0.188,98.39,334,207,126,73,387,415,245,353,272,476,254,329,44,203,448,Regular Season
1641757,Jordan Miller,27,18,9,0.667,19.0,114.7,109.1,5.6,15.7,0.06,0.136,0.1,10.358,0.193,97.24,334,207,126,73,265,124,152,109,300,181,252,221,44,178,478,Regular Season
1626156,D'Angelo Russell,26,9,17,0.346,19.0,107.4,110.3,-2.9,25.3,0.018,0.109,0.066,11.911,0.265,104.67,345,361,281,386,264,393,183,301,92,438,355,393,44,51,89,Regular Season
1630532,Franz Wagner,26,15,11,0.577,32.8,112.5,110.4,2.1,14.8,0.054,0.156,0.104,7.5,0.259,104.67,345,254,158,196,43,202,188,183,323,206,188,201,44,54,89,Regular Season
1629636,Darius Garland,26,13,13,0.5,30.5,114.4,116.3,-1.8,27.1,0.016,0.07,0.042,10.981,0.255,104.21,345,282,203,259,83,129,412,281,75,451,487,492,44,61,112,Regular Season
1630570,Trendon Watford,26,12,14,0.462,15.4,112.7,113.6,-0.9,30.8,0.054,0.175,0.115,11.456,0.163,104.17,345,306,219,312,326,191,329,253,41,203,138,161,44,306,115,Regular Season
1626162,Kelly Oubre Jr.,26,15,11,0.577,32.0,114.0,111.2,2.8,9.6,0.03,0.127,0.08,8.805,0.175,102.15,345,254,158,196,54,143,227,169,468,357,287,311,44,258,263,Regular Season
1628392,Isaiah Hartenstein,26,20,6,0.769,26.3,116.5,104.9,11.6,21.3,0.147,0.269,0.21,15.863,0.169,101.4,345,183,86,25,153,78,55,34,151,26,23,13,477,289,307,Regular Season
1630182,Josh Green,26,15,11,0.577,15.9,115.3,109.0,6.3,20.0,0.074,0.071,0.073,11.442,0.112,100.66,345,254,158,196,318,114,145,88,176,136,484,357,44,472,355,Regular Season
1631106,Tari Eason,26,16,10,0.615,24.2,117.1,110.6,6.5,11.1,0.089,0.189,0.138,11.921,0.203,100.49,345,239,143,148,183,60,197,86,438,98,107,97,44,152,362,Regular Season
1631172,Ousmane Dieng,26,22,4,0.846,11.1,112.4,104.7,7.8,21.8,0.031,0.113,0.075,5.662,0.152,98.84,345,148,60,13,393,206,53,64,144,344,337,339,44,342,431,Regular Season
1642355,Bronny James,26,12,14,0.462,6.9,113.1,111.1,2.0,31.7,0.029,0.053,0.042,13.605,0.152,96.64,345,306,219,312,460,177,224,186,33,363,504,495,44,342,488,Regular Season
1642849,Nolan Traore,26,7,19,0.269,19.3,107.3,116.7,-9.4,26.4,0.006,0.074,0.038,12.646,0.182,95.68,345,393,334,435,261,397,423,424,83,490,481,500,44,232,500,Regular Season
1642857,Kasparas Jakučionis,25,13,12,0.52,15.8,111.7,112.4,-0.7,31.1,0.047,0.11,0.077,12.006,0.126,108.43,356,282,182,250,319,244,276,245,37,236,351,327,44,441,19,Regular Season
1641765,Olivier-Maxence Prosper,24,9,15,0.375,11.7,107.4,114.4,-6.9,11.6,0.062,0.143,0.103,13.17,0.166,105.28,357,361,233,368,381,393,361,388,419,170,226,211,44,301,63,Regular Season
1642866,Joan Beringer,24,13,11,0.542,7.0,116.3,104.4,11.8,8.9,0.164,0.151,0.157,8.902,0.148,104.81,357,282,158,227,458,88,49,32,474,16,200,61,44,364,81,Regular Season
1631114,Jalen Williams,24,17,7,0.708,29.6,115.6,105.8,9.9,24.3,0.025,0.143,0.087,8.469,0.255,103.01,357,224,101,53,96,108,75,45,108,392,228,269,44,61,196,Regular Season
1630264,Anthony Gill,24,2,22,0.083,5.9,106.4,98.8,7.6,6.9,0.098,0.173,0.135,20.833,0.12,102.38,357,463,393,502,475,415,20,69,489,83,142,104,477,453,249,Regular Season
1629013,Landry Shamet,24,15,9,0.625,20.5,113.6,108.2,5.4,13.9,0.022,0.083,0.05,5.084,0.157,101.46,357,254,126,128,235,152,121,115,355,417,462,481,44,325,302,Regular Season
1642358,AJ Johnson,24,5,19,0.208,7.9,102.6,107.8,-5.2,15.8,0.045,0.117,0.079,15.839,0.208,101.3,357,416,334,478,446,465,109,350,296,249,322,314,477,145,311,Regular Season
1641733,Nick Smith Jr.,24,12,12,0.5,12.6,112.9,115.1,-2.3,15.4,0.008,0.063,0.036,10.295,0.214,99.97,357,306,182,259,370,184,384,292,308,487,495,503,44,133,382,Regular Season
1642928,Dylan Cardwell,24,7,17,0.292,19.8,109.0,108.0,1.0,18.7,0.16,0.224,0.193,13.661,0.101,99.9,357,393,281,416,247,341,113,210,216,21,58,33,44,490,388,Regular Season
1631123,Jamaree Bouyea,24,14,10,0.583,15.3,107.0,105.6,1.3,19.8,0.035,0.109,0.071,6.933,0.189,98.48,357,270,143,190,327,403,72,204,184,320,354,363,44,196,447,Regular Season
1631245,Quenton Jackson,23,5,18,0.217,15.2,106.4,104.7,1.7,19.4,0.036,0.093,0.065,12.304,0.201,104.72,366,416,309,473,331,415,53,191,196,310,424,400,44,158,85,Regular Season
1626204,Larry Nance Jr.,23,16,7,0.696,13.4,108.5,110.7,-2.3,18.8,0.069,0.15,0.107,9.002,0.134,103.45,366,239,101,59,359,357,203,292,211,154,209,194,44,416,159,Regular Season
1628975,Jevon Carter,23,8,15,0.348,11.1,105.5,118.7,-13.3,13.8,0.019,0.091,0.052,8.006,0.197,102.91,366,379,233,385,394,433,463,472,357,436,429,468,44,169,204,Regular Season
1642364,Jamir Watkins,23,7,16,0.304,15.6,104.0,109.6,-5.6,13.1,0.058,0.187,0.121,11.336,0.117,102.8,366,393,258,409,322,450,165,361,378,188,113,143,44,458,215,Regular Season
1629001,De'Anthony Melton,23,14,9,0.609,21.2,123.3,105.9,17.4,14.7,0.031,0.12,0.076,11.127,0.247,102.02,366,270,126,155,227,12,77,19,326,346,311,330,44,71,267,Regular Season
1630559,Austin Reaves,23,15,8,0.652,35.3,116.8,113.9,2.9,21.2,0.025,0.142,0.087,11.051,0.286,101.54,366,254,112,97,12,64,340,166,157,396,234,270,44,29,299,Regular Season
203932,Aaron Gordon,23,17,6,0.739,27.9,121.3,108.6,12.7,14.4,0.054,0.183,0.122,5.956,0.234,99.97,366,224,86,41,130,18,133,29,343,204,118,138,44,90,382,Regular Season
1629645,Kevin Porter Jr.,23,11,12,0.478,33.6,112.1,114.1,-2.0,29.0,0.025,0.14,0.083,12.74,0.238,99.6,366,324,182,299,34,224,351,282,55,395,241,290,44,83,399,Regular Season
1630560,Cam Thomas,23,5,18,0.217,24.3,109.4,121.1,-11.7,15.5,0.018,0.076,0.045,9.879,0.308,97.38,366,416,309,473,181,319,486,459,306,440,477,491,44,20,475,Regular Season
1628467,Maxi Kleber,23,9,14,0.391,10.7,116.7,111.4,5.3,21.1,0.083,0.125,0.105,9.854,0.101,97.21,366,361,219,356,404,66,236,119,159,109,291,200,44,490,479,Regular Season
1630526,Jeremiah Robinson-Earl,22,8,14,0.364,16.4,109.4,120.1,-10.7,11.1,0.103,0.214,0.155,8.894,0.135,104.5,376,379,219,372,305,319,480,444,435,76,66,65,44,414,100,Regular Season
1630545,Terrence Shannon Jr.,22,14,8,0.636,12.8,108.0,119.3,-11.3,11.5,0.023,0.104,0.059,12.307,0.16,103.58,376,270,112,108,367,372,466,456,424,406,379,429,44,316,144,Regular Season
1643007,Taelon Peter,22,3,19,0.136,6.3,96.6,105.2,-8.7,23.3,0.042,0.126,0.083,14.569,0.157,103.36,376,450,334,496,470,491,61,415,117,264,288,292,44,325,167,Regular Season
1641748,Andre Jackson Jr.,22,5,17,0.227,6.4,105.5,110.4,-4.9,27.6,0.053,0.108,0.079,11.05,0.165,99.36,376,416,281,470,469,433,188,342,66,212,363,315,44,303,413,Regular Season
1642863,Khaman Maluach,22,13,9,0.591,4.3,93.9,110.4,-16.5,8.0,0.071,0.169,0.119,26.738,0.152,98.79,376,282,126,178,493,497,188,489,481,148,155,149,515,342,432,Regular Season
1626192,Pat Connaughton,22,10,12,0.455,7.1,105.5,107.6,-2.1,20.7,0.043,0.169,0.107,4.43,0.15,96.86,376,336,182,318,456,433,104,286,168,256,152,190,1,355,485,Regular Season
1642066,Myron Gardner,21,12,9,0.571,8.4,112.2,103.4,8.8,20.0,0.091,0.216,0.148,3.528,0.149,106.88,382,306,126,200,434,218,41,56,179,92,65,79,1,361,36,Regular Season
201950,Jrue Holiday,21,9,12,0.429,28.1,110.7,111.1,-0.4,29.7,0.048,0.132,0.088,11.034,0.224,105.8,382,361,182,335,123,277,224,238,50,231,266,263,44,110,50,Regular Season
1641715,Cam Whitmore,21,3,18,0.143,16.9,105.8,123.4,-17.5,7.0,0.057,0.117,0.087,8.347,0.236,105.34,382,450,309,494,299,426,497,492,488,191,321,265,44,87,61,Regular Season
1627751,Jakob Poeltl,21,13,8,0.619,25.3,111.1,111.8,-0.7,19.9,0.124,0.227,0.175,14.622,0.144,102.88,382,282,112,145,166,266,251,245,180,48,50,45,44,384,209,Regular Season
1629162,Jordan McLaughlin,21,16,5,0.762,5.7,105.4,114.2,-8.8,25.7,0.039,0.102,0.07,12.862,0.167,102.18,382,239,77,27,479,436,356,417,86,279,386,373,44,298,261,Regular Season
1642367,Jonathan Mogbo,21,8,13,0.381,6.6,103.3,107.4,-4.1,21.6,0.092,0.21,0.149,12.987,0.113,101.87,382,379,203,364,466,458,101,330,147,90,74,78,44,469,279,Regular Season
1641816,Hunter Tyson,21,15,6,0.714,7.7,101.0,107.3,-6.3,21.3,0.027,0.198,0.117,6.272,0.176,98.22,382,254,86,46,449,478,100,377,153,372,92,155,44,253,456,Regular Season
1631120,JD Davison,21,18,3,0.857,6.9,107.5,118.1,-10.6,29.4,0.016,0.101,0.058,7.357,0.146,95.41,382,207,47,10,459,390,455,440,53,458,393,440,44,372,502,Regular Season
1642352,Keshad Johnson,20,10,10,0.5,7.9,112.8,105.5,7.4,2.6,0.083,0.15,0.114,11.924,0.174,108.45,390,336,143,259,447,186,68,75,506,114,204,162,44,267,18,Regular Season
1629630,Ja Morant,20,7,13,0.35,28.4,108.1,113.2,-5.1,26.6,0.015,0.111,0.062,11.726,0.315,107.62,390,393,203,384,118,368,314,347,81,461,345,414,44,14,23,Regular Season
1630228,Jonathan Kuminga,20,9,11,0.45,23.8,109.6,110.9,-1.3,15.7,0.068,0.212,0.139,14.418,0.243,103.19,390,361,158,322,193,313,213,268,302,157,71,96,44,75,183,Regular Season
203937,Kyle Anderson,20,4,16,0.2,20.1,109.3,117.4,-8.1,29.9,0.051,0.134,0.091,8.345,0.152,102.94,390,430,258,481,242,324,437,405,48,217,259,252,44,342,201,Regular Season
203076,Anthony Davis,20,10,10,0.5,31.3,108.7,113.0,-4.3,12.0,0.112,0.273,0.195,8.786,0.28,102.59,390,336,143,259,63,350,305,335,407,58,18,30,44,35,232,Regular Season
1630679,Ethan Thompson,20,4,16,0.2,15.3,108.1,112.8,-4.7,20.7,0.036,0.092,0.062,9.554,0.142,98.53,390,430,258,481,329,368,294,340,166,306,426,412,44,389,444,Regular Season
1631159,Leonard Miller,19,11,8,0.579,5.0,105.7,111.5,-5.8,9.6,0.085,0.194,0.143,17.361,0.196,110.84,396,324,112,193,486,429,240,365,465,104,100,85,477,172,10,Regular Season
1630548,Johnny Juzang,19,12,7,0.632,4.0,107.7,111.8,-4.1,12.4,0.079,0.149,0.117,8.244,0.224,110.44,396,306,101,119,499,381,251,330,395,124,210,156,44,110,12,Regular Season
1631132,Christian Koloko,19,9,10,0.474,15.5,108.8,107.2,1.6,16.7,0.09,0.137,0.114,13.133,0.099,103.9,396,361,143,305,323,346,96,195,263,95,248,164,44,496,130,Regular Season
1631099,Keegan Murray,19,4,15,0.211,35.9,106.5,114.0,-7.5,8.9,0.048,0.144,0.095,6.734,0.187,101.93,396,430,233,476,5,414,342,395,477,232,223,240,44,207,275,Regular Season
1627734,Domantas Sabonis,18,3,15,0.167,30.0,108.3,122.3,-14.1,20.8,0.114,0.312,0.209,13.884,0.223,102.88,400,450,233,490,91,364,491,475,162,55,7,15,44,118,209,Regular Season
1642404,Chaz Lanier,18,16,2,0.889,9.0,112.6,109.1,3.5,17.9,0.039,0.072,0.056,2.976,0.14,102.07,400,239,29,7,423,195,152,153,236,279,482,456,1,395,266,Regular Season
1642359,Pacôme Dadiet,18,10,8,0.556,3.2,102.0,105.2,-3.2,42.6,0.02,0.179,0.105,0.0,0.079,99.17,400,336,112,218,508,471,61,308,5,426,129,199,1,513,417,Regular Season
1631288,Jamal Cain,18,9,9,0.5,7.0,114.7,118.4,-3.7,8.9,0.058,0.058,0.058,10.73,0.17,98.71,400,361,126,259,457,124,460,322,473,187,500,441,44,285,439,Regular Season
1630695,Micah Potter,17,5,12,0.294,17.6,110.3,114.0,-3.7,17.7,0.046,0.209,0.124,9.225,0.152,105.88,404,416,182,413,286,295,342,322,241,245,76,133,44,342,49,Regular Season
204001,Kristaps Porziņģis,17,9,8,0.529,24.3,116.7,110.8,5.9,15.0,0.055,0.169,0.113,5.201,0.264,104.85,404,361,112,239,180,66,209,95,322,201,153,167,44,52,78,Regular Season
1626172,Kevon Looney,17,2,15,0.118,13.9,102.1,113.3,-11.3,29.9,0.16,0.216,0.187,9.579,0.103,101.39,404,463,233,500,350,469,320,456,49,19,64,37,44,485,309,Regular Season
1642879,Ben Saraf,17,4,13,0.235,17.4,104.4,114.2,-9.8,26.6,0.023,0.088,0.054,18.908,0.181,100.81,404,430,203,464,290,447,356,430,82,404,442,465,477,239,344,Regular Season
1627884,Derrick Jones Jr.,17,7,10,0.412,24.2,115.9,119.7,-3.8,12.1,0.044,0.083,0.064,8.503,0.154,99.89,404,393,143,341,182,100,472,326,404,251,463,401,44,335,389,Regular Season
1631250,Pete Nance,17,3,14,0.176,8.5,111.0,99.1,11.9,10.0,0.062,0.153,0.107,11.667,0.169,98.07,404,450,219,488,430,269,21,31,459,171,195,187,44,289,459,Regular Season
204060,Joe Ingles,16,9,7,0.563,4.2,101.1,114.7,-13.6,48.4,0.0,0.075,0.04,22.321,0.081,113.17,410,361,101,211,496,477,372,473,4,493,478,497,477,510,6,Regular Season
1642914,Javon Small,16,7,9,0.438,12.9,110.4,114.4,-4.0,36.4,0.036,0.085,0.061,12.807,0.186,106.93,410,393,126,331,365,293,361,329,19,304,459,418,44,211,34,Regular Season
203648,Thanasis Antetokounmpo,16,4,12,0.25,3.0,112.5,87.9,24.6,4.6,0.111,0.156,0.132,13.661,0.185,101.98,410,430,182,450,510,202,5,11,504,59,186,111,44,218,269,Regular Season
101108,Chris Paul,16,4,12,0.25,14.2,100.4,116.2,-15.8,42.1,0.028,0.116,0.069,12.711,0.141,98.28,410,430,182,450,346,482,410,481,8,368,327,376,44,391,451,Regular Season
1627827,Dorian Finney-Smith,16,10,6,0.625,15.4,109.3,101.7,7.6,13.6,0.061,0.108,0.084,12.275,0.109,97.66,410,336,86,128,325,324,32,69,362,174,364,287,44,478,470,Regular Season
203992,Bogdan Bogdanović,16,5,11,0.313,22.5,111.6,112.0,-0.4,23.0,0.017,0.126,0.075,10.141,0.182,97.06,410,416,158,404,211,247,258,238,124,442,289,341,44,232,483,Regular Season
201145,Jeff Green,16,13,3,0.813,4.3,98.8,135.3,-36.5,6.9,0.017,0.132,0.071,3.448,0.179,93.58,410,282,47,17,495,487,511,511,490,448,265,368,1,247,513,Regular Season
1642484,RayJ Dennis,15,2,13,0.133,11.8,94.8,107.5,-12.7,24.6,0.038,0.094,0.063,12.299,0.206,104.3,417,463,203,497,380,494,102,467,103,286,422,408,44,147,108,Regular Season
1641790,PJ Hall,15,5,10,0.333,10.3,110.7,112.3,-1.6,9.9,0.167,0.185,0.176,15.537,0.172,103.89,417,416,143,389,409,277,269,275,461,15,115,43,477,274,131,Regular Season
1642269,Devin Carter,15,1,14,0.067,9.0,103.7,107.1,-3.4,21.3,0.053,0.123,0.087,13.778,0.192,103.62,417,486,219,503,424,453,93,314,154,214,301,272,44,186,143,Regular Season
1629726,Garrison Mathews,15,4,11,0.267,13.1,108.6,109.8,-1.2,13.3,0.011,0.089,0.048,3.994,0.141,102.43,417,430,158,437,363,355,170,265,372,479,440,488,1,391,244,Regular Season
1642876,Adou Thiero,15,8,7,0.533,5.8,116.5,120.2,-3.7,16.4,0.1,0.164,0.131,13.106,0.134,96.38,417,379,101,235,477,78,481,322,274,81,165,113,44,416,491,Regular Season
1631166,Drew Timme,15,8,7,0.533,8.1,115.4,105.9,9.5,25.3,0.072,0.109,0.092,9.038,0.153,94.74,417,379,101,235,440,113,77,51,91,142,356,249,44,340,508,Regular Season
1631204,Marcus Sasser,14,11,3,0.786,10.0,107.6,98.5,9.0,27.0,0.009,0.101,0.055,8.013,0.218,104.88,423,324,47,21,412,387,19,54,76,484,392,458,44,129,76,Regular Season
1631128,Christian Braun,14,10,4,0.714,28.9,120.7,109.0,11.7,19.8,0.061,0.104,0.084,9.6,0.151,101.23,423,336,60,46,109,24,145,33,185,173,377,285,44,349,319,Regular Season
203486,Mason Plumlee,14,6,8,0.429,8.9,118.5,119.7,-1.2,37.8,0.105,0.273,0.195,21.287,0.089,100.33,423,405,112,335,426,39,472,265,14,72,18,29,477,503,370,Regular Season
1642354,KJ Simpson,14,5,9,0.357,15.9,108.1,118.2,-10.2,22.6,0.027,0.129,0.078,15.48,0.229,99.69,423,416,126,378,316,368,459,434,131,375,277,317,477,102,395,Regular Season
1641747,DaRon Holmes II,14,8,6,0.571,12.5,110.4,115.6,-5.2,22.5,0.034,0.108,0.075,7.517,0.142,93.62,423,379,86,200,372,293,398,350,133,323,362,343,44,389,512,Regular Season
1642880,Kam Jones,13,2,11,0.154,6.8,110.0,105.0,5.0,25.7,0.036,0.078,0.056,6.996,0.154,104.31,428,463,158,493,463,299,57,129,88,307,473,449,44,335,106,Regular Season
1642873,Amari Williams,13,9,4,0.692,8.2,94.6,111.0,-16.4,18.6,0.055,0.196,0.124,18.587,0.104,100.22,428,361,60,61,438,495,217,488,220,202,94,130,477,484,377,Regular Season
1642950,Lachlan Olbrich,13,4,9,0.308,7.1,94.6,106.3,-11.7,32.8,0.096,0.225,0.158,11.933,0.106,96.66,428,430,126,407,455,495,83,459,30,86,56,57,44,480,486,Regular Season
1630214,Xavier Tillman,13,8,5,0.615,8.4,115.5,126.1,-10.7,12.5,0.103,0.153,0.128,12.5,0.14,95.7,428,379,77,148,433,111,501,444,390,75,194,120,44,395,499,Regular Season
202066,Garrett Temple,13,5,8,0.385,2.7,84.8,111.4,-26.6,26.9,0.0,0.138,0.071,20.161,0.152,94.72,428,416,112,360,514,508,236,502,78,493,245,360,477,342,509,Regular Season
1631247,Luke Travers,12,6,6,0.5,8.6,98.8,108.5,-9.7,17.3,0.077,0.161,0.114,5.774,0.168,105.92,433,405,86,259,429,487,130,427,252,129,175,163,44,295,48,Regular Season
1631451,Javonte Cooke,12,3,9,0.25,6.0,87.1,105.8,-18.8,16.3,0.027,0.129,0.073,13.993,0.201,104.73,433,450,126,450,474,505,75,494,276,382,277,356,44,158,84,Regular Season
1641755,Kevin McCullar Jr.,12,4,8,0.333,7.3,105.8,122.7,-17.0,31.1,0.101,0.143,0.123,16.598,0.165,102.08,433,430,112,389,452,426,494,491,36,77,229,137,477,303,265,Regular Season
202687,Bismack Biyombo,12,9,3,0.75,5.4,110.6,126.7,-16.1,23.3,0.04,0.132,0.08,23.292,0.069,101.48,433,361,47,31,482,286,502,484,118,275,268,313,477,517,301,Regular Season
1642357,David Jones Garcia,11,7,4,0.636,6.2,124.1,103.6,20.6,35.5,0.063,0.17,0.112,9.874,0.189,107.12,437,393,60,108,472,11,44,13,21,164,150,169,44,196,30,Regular Season
1629639,Tyler Herro,11,4,7,0.364,31.7,106.2,110.3,-4.2,12.2,0.017,0.135,0.075,6.909,0.256,106.65,437,430,101,372,58,420,183,333,401,444,257,338,44,59,39,Regular Season
1641744,Zach Edey,11,7,4,0.636,25.8,111.6,95.8,15.8,8.0,0.175,0.266,0.225,17.324,0.203,101.57,437,393,60,108,158,247,15,24,482,11,24,9,477,152,298,Regular Season
1630639,A.J. Lawson,11,4,7,0.364,9.7,105.4,120.4,-15.0,5.8,0.069,0.19,0.122,7.698,0.204,96.08,437,430,101,372,416,436,483,478,497,156,104,142,44,150,496,Regular Season
1629027,Trae Young,10,2,8,0.2,28.0,118.3,126.9,-8.6,31.5,0.0,0.063,0.03,9.216,0.276,109.3,441,463,112,481,126,41,503,413,34,493,494,508,44,37,16,Regular Season
1642939,Miles Kelly,10,6,4,0.6,8.1,99.2,107.1,-8.0,16.2,0.043,0.128,0.082,8.108,0.148,107.73,441,405,60,163,441,485,93,403,283,256,281,296,44,364,21,Regular Season
1628380,Zach Collins,10,6,4,0.6,18.4,116.6,110.7,5.9,15.3,0.096,0.233,0.165,10.225,0.188,103.94,441,405,60,163,276,74,203,95,311,85,45,51,44,203,128,Regular Season
1631216,Caleb Houstan,10,5,5,0.5,4.9,100.0,107.7,-7.7,9.0,0.089,0.028,0.062,17.921,0.181,99.88,441,416,77,259,488,484,108,399,472,99,508,414,477,239,390,Regular Season
1630604,E.J. Liddell,10,1,9,0.1,4.9,96.5,96.2,0.3,0.0,0.063,0.186,0.121,0.0,0.163,97.74,441,486,126,501,489,492,16,224,507,168,114,146,1,306,469,Regular Season
1642918,Alijah Martin,10,4,6,0.4,8.8,106.6,113.2,-6.5,18.9,0.073,0.088,0.08,7.096,0.171,94.87,441,430,86,347,428,409,314,379,209,139,445,308,44,278,507,Regular Season
1629684,Grant Williams,9,6,3,0.667,17.5,112.8,95.5,17.4,15.4,0.048,0.151,0.101,7.697,0.137,103.52,447,405,47,73,287,186,13,19,309,233,198,215,44,411,149,Regular Season
1628449,Chris Boucher,9,4,5,0.444,10.5,114.2,106.9,7.3,9.8,0.023,0.182,0.103,3.251,0.13,98.52,447,430,77,326,406,136,89,79,464,411,121,209,1,431,446,Regular Season
1629021,Moritz Wagner,8,4,4,0.5,10.0,93.7,125.0,-31.2,5.1,0.024,0.273,0.121,8.435,0.282,107.15,449,430,60,259,413,498,499,506,502,402,18,144,44,31,29,Regular Season
1627752,Taurean Prince,8,5,3,0.625,21.1,114.0,108.1,5.9,15.3,0.0,0.08,0.041,9.557,0.111,105.59,449,416,47,128,228,143,118,95,313,493,470,496,44,473,54,Regular Season
1641752,Bobi Klintman,8,6,2,0.75,7.5,100.9,103.5,-2.5,12.4,0.075,0.226,0.142,15.47,0.193,104.88,449,405,29,31,450,479,43,296,394,135,52,90,477,178,76,Regular Season
203926,Doug McDermott,8,1,7,0.125,9.5,104.7,111.4,-6.8,6.9,0.0,0.076,0.036,10.345,0.148,103.58,449,486,101,498,419,444,236,385,490,493,476,504,44,364,144,Regular Season
1641780,Johni Broome,8,4,4,0.5,5.2,89.5,116.3,-26.8,14.4,0.14,0.226,0.176,7.205,0.242,102.61,449,430,60,259,483,503,412,503,342,35,54,44,44,77,231,Regular Season
1630623,Tyson Etienne,8,1,7,0.125,4.3,116.7,90.1,26.6,5.9,0.0,0.0,0.0,5.882,0.197,99.15,449,486,101,498,494,66,7,9,496,493,511,515,44,169,418,Regular Season
1643141,Jahmyl Telfort,8,2,6,0.25,4.0,102.3,104.4,-2.1,12.9,0.0,0.103,0.051,12.887,0.097,96.35,449,463,86,450,498,467,49,286,382,493,381,478,44,499,493,Regular Season
1631104,Blake Wesley,7,4,3,0.571,16.7,106.6,113.4,-6.8,30.9,0.035,0.133,0.08,13.441,0.166,109.57,456,430,47,200,302,409,323,385,38,322,263,310,44,301,14,Regular Season
1641726,Dereck Lively II,7,3,4,0.429,16.5,107.0,101.5,5.5,28.6,0.132,0.211,0.172,22.026,0.113,108.26,456,450,60,335,304,403,29,111,59,42,72,48,477,469,20,Regular Season
1642282,Hunter Sallis,7,3,4,0.429,3.7,89.0,115.4,-26.3,26.9,0.0,0.04,0.019,33.602,0.175,105.41,456,450,60,335,503,504,392,501,78,493,506,513,515,258,60,Regular Season
1641989,Elijah Harkless,7,2,5,0.286,9.4,123.3,104.4,18.9,21.8,0.042,0.074,0.059,13.066,0.12,102.7,456,463,77,419,420,12,49,16,145,266,480,433,44,453,225,Regular Season
1642942,Jahmai Mashack,7,5,2,0.714,3.5,76.5,110.7,-34.2,15.4,0.0,0.278,0.128,23.077,0.197,100.84,456,416,29,46,504,511,203,509,310,493,15,120,477,169,342,Regular Season
1631199,Ron Harper Jr.,7,6,1,0.857,5.0,111.4,100.6,10.8,19.0,0.091,0.107,0.098,4.762,0.198,100.83,456,405,7,10,485,252,25,38,205,94,365,228,1,165,343,Regular Season
1641998,Trey Jemison III,7,6,1,0.857,5.5,107.4,119.9,-12.6,13.4,0.15,0.158,0.154,40.323,0.07,99.92,456,405,7,10,480,393,476,465,367,24,184,67,519,516,387,Regular Season
1641813,Mark Sears,7,1,6,0.143,3.7,135.2,104.6,30.6,8.9,0.056,0.056,0.056,17.762,0.366,97.1,456,486,86,494,502,3,52,6,475,197,501,457,477,2,481,Regular Season
1630536,Sharife Cooper,7,2,5,0.286,6.4,98.8,112.9,-14.1,28.7,0.047,0.226,0.122,19.157,0.146,94.94,456,463,77,419,468,487,300,475,58,243,54,140,477,372,506,Regular Season
1641810,Antonio Reeves,7,2,5,0.286,7.9,120.8,104.1,16.7,11.1,0.023,0.089,0.056,0.0,0.131,91.45,456,463,77,419,445,23,48,21,436,414,439,450,1,428,516,Regular Season
1642443,Jahmir Young,6,5,1,0.833,5.7,108.5,132.6,-24.1,27.3,0.026,0.054,0.04,9.091,0.172,114.23,466,416,7,14,478,357,508,499,74,383,503,498,44,274,4,Regular Season
1628420,Monte Morris,6,0,6,0.0,10.8,85.5,101.3,-15.8,27.5,0.014,0.095,0.052,6.105,0.149,106.79,466,504,86,504,401,507,28,481,69,470,415,469,44,361,37,Regular Season
200768,Kyle Lowry,6,4,2,0.667,7.4,113.8,104.0,9.8,41.2,0.0,0.068,0.036,11.765,0.094,105.34,466,430,29,73,451,148,47,49,9,493,489,502,44,501,61,Regular Season
201569,Eric Gordon,6,3,3,0.5,12.3,102.8,119.3,-16.5,10.8,0.016,0.016,0.016,10.76,0.143,102.73,466,450,47,259,374,461,466,489,443,455,510,514,44,387,220,Regular Season
203078,Bradley Beal,6,2,4,0.333,20.2,116.7,126.0,-9.3,14.2,0.02,0.028,0.024,12.762,0.222,99.64,466,463,60,389,238,66,500,423,347,427,508,512,44,121,398,Regular Season
1641809,Drew Peterson,6,1,5,0.167,10.7,101.4,110.1,-8.7,10.6,0.048,0.128,0.083,0.0,0.111,98.87,466,486,77,490,402,475,178,415,449,229,283,293,1,473,429,Regular Season
1642938,Curtis Jones,6,4,2,0.667,5.1,111.4,103.6,7.8,16.7,0.038,0.098,0.075,5.556,0.224,97.07,466,430,29,73,484,252,44,64,267,286,408,345,44,110,482,Regular Season
1630224,Jalen Green,5,4,1,0.8,13.9,128.2,96.4,31.7,13.6,0.034,0.15,0.093,10.612,0.323,106.24,473,430,7,19,351,7,17,5,361,323,204,244,44,12,44,Regular Season
1641801,Emanuel Miller,5,0,5,0.0,6.6,90.2,122.6,-32.4,22.4,0.031,0.087,0.055,0.0,0.18,100.71,473,504,77,504,465,502,492,507,134,346,450,462,1,243,351,Regular Season
1642449,Tolu Smith,5,3,2,0.6,10.9,102.8,99.3,3.5,13.5,0.196,0.353,0.275,13.514,0.196,100.49,473,450,29,163,399,461,22,153,365,5,3,3,44,172,362,Regular Season
1631117,Walker Kessler,5,2,3,0.4,30.8,118.2,112.8,5.4,19.5,0.174,0.205,0.191,20.833,0.17,98.79,473,463,47,347,77,42,294,115,194,12,81,35,477,285,432,Regular Season
203967,Dario Šarić,5,1,4,0.2,8.2,106.6,105.6,1.0,18.4,0.037,0.122,0.088,18.382,0.103,97.61,473,486,60,481,437,409,72,210,223,295,304,262,477,485,473,Regular Season
1641787,Tosan Evbuomwan,5,4,1,0.8,1.5,61.0,102.9,-41.9,0.0,0.111,0.1,0.105,0.0,0.056,97.33,473,430,7,19,520,517,36,512,507,59,395,196,1,518,477,Regular Season
1641725,Trey Alexander,5,1,4,0.2,8.3,121.7,118.8,2.9,33.3,0.0,0.098,0.055,6.667,0.111,95.92,473,486,60,481,435,17,464,166,25,493,408,461,44,473,498,Regular Season
1631210,Jacob Toppin,5,3,2,0.6,3.4,115.3,72.9,42.4,14.3,0.0,0.091,0.042,0.0,0.158,95.68,473,450,29,163,506,114,2,3,345,493,432,494,1,323,500,Regular Season
1629680,Matisse Thybulle,4,2,2,0.5,12.2,107.7,89.5,18.2,19.0,0.0,0.1,0.048,6.345,0.105,113.21,481,463,29,259,376,381,6,17,206,493,395,487,44,482,5,Regular Season
1631127,Harrison Ingram,4,3,1,0.75,3.2,121.8,118.5,3.3,0.0,0.25,0.0,0.158,0.0,0.105,109.56,481,450,7,31,507,16,462,158,507,2,511,59,1,482,15,Regular Season
1642502,Malevy Leons,4,2,2,0.5,4.4,102.1,137.9,-35.8,11.3,0.143,0.545,0.32,11.261,0.178,107.05,481,463,29,259,492,469,514,510,430,29,1,2,44,248,31,Regular Season
1628998,Cody Martin,4,0,4,0.0,13.8,77.7,98.2,-20.5,10.7,0.016,0.206,0.111,21.459,0.121,106.68,481,504,60,504,352,510,18,496,444,450,80,177,477,450,38,Regular Season
1630164,James Wiseman,4,0,4,0.0,14.6,92.9,101.6,-8.8,15.9,0.085,0.063,0.075,26.483,0.116,103.47,481,504,60,504,340,499,31,417,293,105,496,343,515,463,157,Regular Season
1641723,Kobe Bufkin,4,2,2,0.5,11.3,109.9,117.9,-8.0,13.4,0.025,0.103,0.063,6.72,0.13,97.98,481,463,29,259,391,307,452,403,367,393,384,406,44,431,465,Regular Season
1643024,Chris Mañon,4,1,3,0.25,3.4,109.0,81.6,27.5,0.0,0.083,0.167,0.125,0.0,0.028,97.96,481,486,47,450,505,341,3,8,507,109,157,125,1,519,466,Regular Season
1642403,Isaac Jones,4,2,2,0.5,4.6,74.2,120.5,-46.3,17.0,0.118,0.0,0.074,0.0,0.12,97.77,481,463,29,259,491,512,484,513,258,50,511,347,1,453,468,Regular Season
1631115,Orlando Robinson,4,2,2,0.5,6.2,118.9,152.0,-33.1,37.5,0.077,0.125,0.095,0.0,0.083,94.0,481,463,29,259,471,33,517,508,16,129,291,234,1,508,510,Regular Season
1642368,N'Faly Dante,4,3,1,0.75,3.9,112.6,91.5,21.1,0.0,0.188,0.286,0.233,18.382,0.14,93.97,481,450,7,31,501,195,8,12,507,7,12,8,477,395,511,Regular Season
1642434,Riley Minix,3,2,1,0.667,2.8,139.6,92.2,47.4,14.3,0.111,0.2,0.143,0.0,0.221,121.12,491,463,7,73,513,1,10,2,345,59,88,85,1,123,1,Regular Season
1630644,Mac McClung,3,0,3,0.0,11.3,92.8,117.5,-24.6,4.4,0.0,0.143,0.053,8.787,0.225,110.28,491,504,47,504,390,500,439,500,505,493,229,467,44,107,13,Regular Season
1630167,Obi Toppin,3,0,3,0.0,27.4,110.0,119.1,-9.1,9.8,0.036,0.2,0.119,11.774,0.234,103.11,491,504,47,504,134,299,465,421,463,307,88,149,44,90,189,Regular Season
1631111,Wendell Moore Jr.,3,3,0,1.0,14.4,132.2,95.6,36.6,30.0,0.033,0.077,0.058,10.0,0.075,98.87,491,450,1,1,345,4,14,4,47,333,474,442,44,515,429,Regular Season
1641753,Chris Livingston,3,2,1,0.667,5.8,113.3,93.9,19.4,11.8,0.0,0.176,0.107,0.0,0.2,98.28,491,463,7,73,476,168,11,15,414,493,132,190,1,160,451,Regular Season
1631342,Daeqwon Plowden,3,0,3,0.0,15.2,110.7,115.8,-5.0,8.3,0.081,0.119,0.101,0.0,0.106,98.26,491,504,47,504,332,277,404,345,480,118,314,217,1,480,454,Regular Season
1643018,LJ Cryer,3,2,1,0.667,2.6,107.4,82.0,25.4,0.0,0.0,0.111,0.063,0.0,0.282,94.99,491,463,7,73,515,393,4,10,507,493,344,408,1,31,505,Regular Season
1642384,Isaiah Crawford,3,2,1,0.667,2.3,72.7,91.9,-19.2,0.0,0.0,0.0,0.0,0.0,0.083,77.6,491,463,7,73,518,513,9,495,507,493,511,515,1,508,520,Regular Season
1642886,Koby Brea,2,1,1,0.5,3.9,86.0,148.4,-62.3,34.0,0.0,0.1,0.063,0.0,0.187,116.55,499,486,7,259,500,506,516,516,24,493,395,408,1,207,2,Regular Season
1642530,Yuki Kawamura,2,1,1,0.5,18.9,98.9,107.5,-8.6,42.6,0.027,0.211,0.12,5.33,0.107,112.38,499,486,7,259,267,486,102,413,5,377,73,147,44,479,7,Regular Season
1642855,Noa Essengue,2,1,1,0.5,3.0,64.3,169.0,-104.7,0.0,0.0,0.0,0.0,0.0,0.2,112.18,499,486,7,259,509,516,519,519,507,493,511,515,1,160,8,Regular Season
1629634,Brandon Clarke,2,1,1,0.5,10.2,91.6,115.4,-23.9,8.5,0.16,0.087,0.125,0.0,0.199,111.09,499,486,7,259,410,501,392,498,478,18,450,125,1,164,9,Regular Season
1642884,Vladislav Goldin,2,1,1,0.5,4.1,117.4,147.7,-30.3,50.0,0.0,0.125,0.063,0.0,0.085,110.51,499,486,7,259,497,55,515,505,2,493,291,408,1,507,11,Regular Season
1629646,Charles Bassey,2,0,2,0.0,15.3,106.1,113.9,-7.8,16.2,0.175,0.333,0.234,8.117,0.129,107.18,499,504,29,504,330,423,340,400,279,10,4,7,44,435,28,Regular Season
203552,Seth Curry,2,0,2,0.0,16.0,114.1,113.2,1.0,25.0,0.029,0.15,0.074,0.0,0.113,102.64,499,504,29,504,314,140,314,210,97,359,204,347,1,469,230,Regular Season
1641794,Dillon Jones,2,2,0,1.0,2.4,110.0,103.4,6.6,0.0,0.0,0.0,0.0,0.0,0.154,101.68,499,463,1,1,517,299,41,85,507,493,511,515,1,335,289,Regular Season
1628964,Mo Bamba,2,2,0,1.0,2.9,58.9,134.7,-75.8,0.0,0.111,0.1,0.105,0.0,0.134,97.48,499,463,1,1,511,518,510,517,507,59,395,196,1,416,474,Regular Season
1631116,Patrick Baldwin Jr.,2,1,1,0.5,6.1,110.0,94.5,15.5,0.0,0.0,0.1,0.059,17.007,0.239,96.21,499,486,7,259,473,299,12,26,507,493,395,433,477,82,494,Regular Season
1642935,Chucky Hepburn,2,0,2,0.0,6.6,72.2,133.6,-61.4,22.2,0.0,0.077,0.032,11.111,0.223,95.25,499,504,29,504,464,514,509,515,137,493,474,507,44,118,503,Regular Season
1627746,Skal Labissiere,2,2,0,1.0,15.1,105.8,108.3,-2.5,16.7,0.065,0.182,0.125,8.333,0.14,95.19,499,463,1,1,334,426,124,296,267,162,121,125,44,395,504,Regular Season
1641815,Isaiah Stevens,2,0,2,0.0,11.3,129.8,128.3,1.5,61.5,0.059,0.059,0.059,0.0,0.081,91.73,499,504,29,504,392,5,506,199,1,183,499,433,1,510,515,Regular Season
1631102,TyTy Washington Jr.,2,1,1,0.5,10.9,124.9,137.4,-12.6,25.0,0.0,0.056,0.029,0.0,0.192,91.14,499,486,7,259,397,10,513,465,97,493,501,509,1,186,517,Regular Season
201599,DeAndre Jordan,2,0,2,0.0,11.7,67.1,128.3,-61.2,0.0,0.143,0.231,0.185,14.535,0.133,91.01,499,504,29,504,383,515,506,514,507,29,47,38,44,423,518,Regular Season
1642280,Trentyn Flowers,2,0,2,0.0,2.8,81.8,111.3,-29.5,20.0,0.111,0.0,0.083,20.0,0.267,90.29,499,504,29,504,512,509,230,504,178,59,511,289,477,47,519,Regular Season
1630621,Hunter Dickinson,1,0,1,0.0,4.7,55.1,153.1,-97.9,0.0,0.0,0.0,0.0,50.0,0.337,115.24,515,504,7,504,490,519,518,518,507,493,511,515,520,7,3,Regular Season
1641732,Colby Jones,1,0,1,0.0,6.8,137.7,50.4,87.4,40.0,0.0,0.444,0.25,0.0,0.162,107.03,515,504,7,504,461,2,1,1,11,493,2,4,1,312,33,Regular Season
1631131,Oscar Tshiebwe,1,0,1,0.0,14.8,106.0,127.8,-21.8,18.4,0.133,0.286,0.207,0.0,0.117,104.68,515,504,7,504,338,424,505,497,223,40,12,18,1,458,88,Regular Season
1629660,Ty Jerome,1,0,1,0.0,19.5,120.2,136.4,-16.2,26.0,0.0,0.071,0.033,8.666,0.359,103.53,515,504,7,504,252,28,512,485,85,493,484,506,44,4,148,Regular Season
1642400,Tristan Enaruna,1,1,0,1.0,2.6,128.7,100.0,28.7,50.0,1.0,0.0,0.667,0.0,0.134,97.62,515,486,1,1,516,6,23,7,2,1,511,1,1,416,472,Regular Season
1630649,Stanley Umude,1,1,0,1.0,2.2,50.0,225.2,-175.2,0.0,0.0,0.0,0.0,0.0,0.0,93.49,515,486,1,1,519,520,520,520,507,493,511,515,1,520,514,Regular Season
