PLAYER_ID,PLAYER_NAME,TEAM_ID,TEAM_ABBREVIATION,AGE,G,MIN,CONTESTED_SHOTS,CONTESTED_SHOTS_2PT,CONTESTED_SHOTS_3PT,DEFLECTIONS,CHARGES_DRAWN,SCREEN_ASSISTS,SCREEN_AST_PTS,OFF_LOOSE_BALLS_RECOVERED,DEF_LOOSE_BALLS_RECOVERED,LOOSE_BALLS_RECOVERED,PCT_LOOSE_BALLS_RECOVERED_OFF,PCT_LOOSE_BALLS_RECOVERED_DEF,OFF_BOXOUTS,DEF_BOXOUTS,BOX_OUT_PLAYER_TEAM_REBS,BOX_OUT_PLAYER_REBS,BOX_OUTS,PCT_BOX_OUTS_OFF,PCT_BOX_OUTS_DEF,PCT_BOX_OUTS_TEAM_REB,PCT_BOX_OUTS_REB,SEASON_TYPE
1630639,A.J. Lawson,1610612761,TOR,25.0,7,72.0,10,8,2,7,0,0,0,0,0,0,0.0,0.0,0,1,1,0,1,0.0,1.0,1.0,0.0,Regular Season
1631260,AJ Green,1610612749,MIL,26.0,43,1277.0,162,90,72,61,3,11,24,3,18,21,0.143,0.857,0,27,27,6,27,0.0,1.0,1.0,0.222,Regular Season
1642358,AJ Johnson,1610612764,WAS,21.0,17,166.0,25,11,14,10,0,2,4,2,0,2,1.0,0.0,0,0,0,0,0,0.0,0.0,0.0,0.0,Regular Season
203932,Aaron Gordon,1610612743,DEN,30.0,23,642.0,68,49,19,17,0,23,54,5,5,10,0.5,0.5,1,7,8,5,9,0.111,0.778,1.0,0.625,Regular Season
1628988,Aaron Holiday,1610612745,HOU,29.0,28,419.0,63,32,31,24,1,5,10,2,3,5,0.4,0.6,0,4,4,0,4,0.0,1.0,1.0,0.0,Regular Season
1630174,Aaron Nesmith,1610612754,IND,26.0,28,857.0,151,91,60,39,4,21,42,12,6,18,0.667,0.333,2,10,12,6,12,0.167,0.833,1.0,0.5,Regular Season
1630598,Aaron Wiggins,1610612760,OKC,27.0,35,832.0,162,92,70,68,0,15,32,9,15,24,0.375,0.625,0,6,6,5,6,0.0,1.0,1.0,0.833,Regular Season
1642846,Ace Bailey,1610612762,UTA,19.0,43,1077.0,183,95,88,57,0,9,19,18,6,24,0.75,0.25,2,21,23,10,23,0.087,0.913,1.0,0.435,Regular Season
1641737,Adem Bona,1610612755,PHI,22.0,38,627.0,210,151,59,41,0,57,140,8,12,20,0.4,0.6,17,18,35,23,35,0.486,0.514,1.0,0.657,Regular Season
1642876,Adou Thiero,1610612747,LAL,21.0,13,83.0,11,9,2,9,0,1,2,2,1,3,0.667,0.333,0,2,2,0,2,0.0,1.0,1.0,0.0,Regular Season
1642349,Ajay Mitchell,1610612760,OKC,23.0,42,1124.0,149,88,61,110,1,10,23,11,16,27,0.407,0.593,1,14,15,6,15,0.067,0.933,1.0,0.4,Regular Season
201143,Al Horford,1610612744,GSW,39.0,29,579.0,195,123,72,33,0,29,71,6,4,10,0.6,0.4,3,24,27,25,27,0.111,0.889,1.0,0.926,Regular Season
1627936,Alex Caruso,1610612760,OKC,31.0,32,582.0,83,36,47,103,2,18,38,5,13,18,0.278,0.722,0,13,13,9,13,0.0,1.0,1.0,0.692,Regular Season
1642259,Alex Sarr,1610612764,WAS,20.0,38,1088.0,385,295,90,54,0,132,312,11,8,19,0.579,0.421,26,33,59,48,59,0.441,0.559,1.0,0.814,Regular Season
1642918,Alijah Martin,1610612761,TOR,24.0,8,85.0,26,17,9,12,0,1,2,2,1,3,0.667,0.333,1,1,2,2,2,0.5,0.5,1.0,1.0,Regular Season
1630578,Alperen Sengun,1610612745,HOU,23.0,39,1363.0,320,213,107,112,3,86,199,23,12,35,0.657,0.343,27,39,65,46,66,0.409,0.591,0.985,0.697,Regular Season
1642873,Amari Williams,1610612738,BOS,24.0,10,104.0,35,24,11,4,0,9,26,0,0,0,0.0,0.0,2,4,6,3,6,0.333,0.667,1.0,0.5,Regular Season
1641708,Amen Thompson,1610612745,HOU,23.0,47,1759.0,184,119,65,124,1,18,43,21,23,44,0.477,0.523,13,13,26,20,26,0.5,0.5,1.0,0.769,Regular Season
1629599,Amir Coffey,1610612749,MIL,28.0,18,174.0,19,12,7,11,1,1,3,0,1,1,0.0,1.0,0,2,2,0,2,0.0,1.0,1.0,0.0,Regular Season
203083,Andre Drummond,1610612755,PHI,32.0,37,724.0,209,160,49,56,0,54,123,7,3,10,0.7,0.3,40,20,60,56,60,0.667,0.333,1.0,0.933,Regular Season
1641748,Andre Jackson Jr.,1610612749,MIL,24.0,15,123.0,12,9,3,11,0,6,12,2,3,5,0.4,0.6,3,0,3,1,3,1.0,0.0,1.0,0.333,Regular Season
1629614,Andrew Nembhard,1610612754,IND,26.0,39,1250.0,104,65,39,70,1,15,32,11,10,21,0.524,0.476,0,12,12,1,12,0.0,1.0,1.0,0.083,Regular Season
203952,Andrew Wiggins,1610612748,MIA,30.0,47,1466.0,351,189,162,100,0,6,15,20,10,30,0.667,0.333,9,34,40,17,43,0.209,0.791,0.93,0.395,Regular Season
1629014,Anfernee Simons,1610612738,BOS,26.0,48,1181.0,133,68,65,56,0,10,22,5,7,12,0.417,0.583,0,3,3,0,3,0.0,1.0,1.0,0.0,Regular Season
1641710,Anthony Black,1610612753,ORL,22.0,48,1496.0,209,111,98,147,1,12,28,6,16,22,0.273,0.727,0,15,15,6,15,0.0,1.0,1.0,0.4,Regular Season
203076,Anthony Davis,1610612742,DAL,32.0,20,626.0,194,133,61,48,2,56,119,3,1,4,0.75,0.25,15,17,32,28,32,0.469,0.531,1.0,0.875,Regular Season
1630162,Anthony Edwards,1610612750,MIN,24.0,40,1412.0,159,93,66,76,0,4,11,17,12,29,0.586,0.414,0,7,7,4,7,0.0,1.0,1.0,0.571,Regular Season
1630264,Anthony Gill,1610612764,WAS,33.0,16,125.0,30,23,7,17,0,4,9,2,1,3,0.667,0.333,2,8,10,7,10,0.2,0.8,1.0,0.7,Regular Season
1641810,Antonio Reeves,1610612766,CHA,25.0,5,49.0,9,4,5,1,0,0,0,0,0,0,0.0,0.0,0,2,2,1,2,0.0,1.0,1.0,0.5,Regular Season
1630574,Ariel Hukporti,1610612752,NYK,23.0,27,261.0,101,74,27,4,0,28,63,4,3,7,0.571,0.429,9,13,22,14,22,0.409,0.591,1.0,0.636,Regular Season
1642854,Asa Newell,1610612737,ATL,20.0,30,358.0,95,57,38,11,0,18,36,5,5,10,0.5,0.5,4,13,17,11,17,0.235,0.765,1.0,0.647,Regular Season
1641709,Ausar Thompson,1610612765,DET,23.0,44,1131.0,159,79,80,187,1,17,38,18,20,38,0.474,0.526,8,7,14,12,15,0.533,0.467,1.0,0.857,Regular Season
1630559,Austin Reaves,1610612747,LAL,27.0,23,812.0,76,36,40,41,10,6,12,15,11,26,0.577,0.423,0,8,8,1,8,0.0,1.0,1.0,0.125,Regular Season
1630245,Ayo Dosunmu,1610612741,CHI,26.0,44,1159.0,165,96,69,50,4,5,12,17,11,28,0.607,0.393,0,13,13,6,13,0.0,1.0,1.0,0.462,Regular Season
1628389,Bam Adebayo,1610612748,MIA,28.0,43,1339.0,274,165,109,99,2,55,125,16,12,28,0.571,0.429,16,92,103,69,108,0.148,0.852,0.954,0.639,Regular Season
1631248,Baylor Scheierman,1610612738,BOS,25.0,41,571.0,73,37,36,52,4,13,34,4,5,9,0.444,0.556,2,7,9,3,9,0.222,0.778,1.0,0.333,Regular Season
1642879,Ben Saraf,1610612751,BKN,19.0,15,290.0,43,30,13,26,0,2,6,2,2,4,0.5,0.5,1,1,2,1,2,0.5,0.5,1.0,0.5,Regular Season
1641767,Ben Sheppard,1610612754,IND,24.0,38,824.0,101,65,36,41,0,2,5,12,6,18,0.667,0.333,0,9,9,2,9,0.0,1.0,1.0,0.222,Regular Season
1631097,Bennedict Mathurin,1610612754,IND,23.0,27,857.0,77,48,29,25,1,7,16,6,3,9,0.667,0.333,1,12,13,6,13,0.077,0.923,1.0,0.462,Regular Season
1641731,Bilal Coulibaly,1610612764,WAS,21.0,29,765.0,102,67,35,99,1,10,26,4,5,9,0.444,0.556,3,7,10,8,10,0.3,0.7,1.0,0.8,Regular Season
202687,Bismack Biyombo,1610612759,SAS,33.0,9,62.0,18,16,2,1,0,8,21,0,0,0,0.0,0.0,2,2,4,4,4,0.5,0.5,1.0,1.0,Regular Season
1631104,Blake Wesley,1610612757,POR,22.0,6,101.0,3,1,2,19,0,0,0,0,2,2,0.0,1.0,0,0,0,0,0,0.0,0.0,0.0,0.0,Regular Season
1626171,Bobby Portis,1610612749,MIL,30.0,47,1151.0,252,142,110,70,0,46,96,8,11,19,0.421,0.579,19,55,72,49,74,0.257,0.743,0.973,0.662,Regular Season
1641752,Bobi Klintman,1610612765,DET,22.0,7,56.0,10,4,6,6,1,2,4,1,0,1,1.0,0.0,0,1,1,1,1,0.0,1.0,1.0,1.0,Regular Season
203992,Bogdan Bogdanović,1610612746,LAC,33.0,16,360.0,61,34,27,16,0,6,17,3,3,6,0.5,0.5,0,3,3,3,3,0.0,1.0,1.0,1.0,Regular Season
1630538,Bones Hyland,1610612750,MIN,25.0,33,525.0,66,38,28,32,0,7,16,5,8,13,0.385,0.615,0,2,2,1,2,0.0,1.0,1.0,0.5,Regular Season
203078,Bradley Beal,1610612746,LAC,32.0,6,121.0,14,2,12,13,0,1,2,2,1,3,0.667,0.333,0,0,0,0,0,0.0,0.0,0.0,0.0,Regular Season
1642382,Branden Carlson,1610612760,OKC,26.0,29,349.0,135,92,43,12,0,18,39,1,1,2,0.5,0.5,2,13,15,12,15,0.133,0.867,1.0,0.8,Regular Season
1641764,Brandin Podziemski,1610612744,GSW,22.0,50,1339.0,120,62,58,87,14,31,81,11,12,23,0.478,0.522,4,13,17,7,17,0.235,0.765,1.0,0.412,Regular Season
1629634,Brandon Clarke,1610612763,MEM,29.0,2,20.0,4,4,0,6,1,1,3,0,0,0,0.0,0.0,0,1,1,0,1,0.0,1.0,1.0,0.0,Regular Season
1627742,Brandon Ingram,1610612761,TOR,28.0,49,1672.0,250,136,114,82,0,13,31,14,12,26,0.538,0.462,0,18,18,10,18,0.0,1.0,1.0,0.556,Regular Season
1641706,Brandon Miller,1610612766,CHA,23.0,33,993.0,160,105,55,66,0,16,39,12,6,18,0.667,0.333,0,9,9,3,9,0.0,1.0,1.0,0.333,Regular Season
1630314,Brandon Williams,1610612742,DAL,26.0,42,927.0,120,65,55,76,1,6,15,9,14,23,0.391,0.609,0,10,10,5,10,0.0,1.0,1.0,0.5,Regular Season
1641729,Brice Sensabaugh,1610612762,UTA,22.0,43,974.0,101,50,51,57,5,16,37,9,7,16,0.563,0.438,4,16,20,12,20,0.2,0.8,1.0,0.6,Regular Season
1642355,Bronny James,1610612747,LAL,21.0,16,153.0,21,7,14,20,0,1,3,1,1,2,0.5,0.5,0,2,2,0,2,0.0,1.0,1.0,0.0,Regular Season
201572,Brook Lopez,1610612746,LAC,37.0,41,702.0,274,235,39,57,0,33,75,1,6,7,0.143,0.857,2,35,36,17,37,0.054,0.946,0.973,0.459,Regular Season
1642964,Brooks Barnhizer,1610612760,OKC,23.0,22,181.0,34,20,14,14,0,3,8,1,0,1,1.0,0.0,1,2,3,2,3,0.333,0.667,1.0,0.667,Regular Season
1628971,Bruce Brown,1610612743,DEN,29.0,50,1225.0,121,61,60,118,0,20,47,7,9,16,0.438,0.563,8,9,17,12,17,0.471,0.529,1.0,0.706,Regular Season
1631121,Bryce McGowens,1610612740,NOP,23.0,27,553.0,77,35,42,40,7,6,14,1,7,8,0.125,0.875,1,10,11,2,11,0.091,0.909,1.0,0.182,Regular Season
1642267,Bub Carrington,1610612764,WAS,20.0,47,1349.0,152,80,72,69,0,12,28,15,11,26,0.577,0.423,2,23,24,9,25,0.08,0.92,0.96,0.36,Regular Season
1627741,Buddy Hield,1610612744,GSW,33.0,41,721.0,123,73,50,70,0,5,11,11,10,21,0.524,0.476,0,4,4,1,4,0.0,1.0,1.0,0.25,Regular Season
203468,CJ McCollum,1610612737,ATL,34.0,46,1386.0,190,86,104,61,0,13,30,15,11,26,0.577,0.423,0,11,11,7,11,0.0,1.0,1.0,0.636,Regular Season
1630595,Cade Cunningham,1610612765,DET,24.0,42,1476.0,201,119,82,103,0,15,33,17,26,43,0.395,0.605,3,20,23,11,23,0.13,0.87,1.0,0.478,Regular Season
1631216,Caleb Houstan,1610612737,ATL,23.0,2,22.0,2,2,0,2,0,0,0,0,1,1,0.0,1.0,0,0,0,0,0,0.0,0.0,0.0,0.0,Regular Season
1631126,Caleb Love,1610612757,POR,24.0,39,916.0,80,37,43,52,0,4,9,5,4,9,0.556,0.444,0,4,4,3,4,0.0,1.0,1.0,0.75,Regular Season
1628997,Caleb Martin,1610612742,DAL,30.0,35,521.0,59,39,20,51,3,24,56,6,7,13,0.462,0.538,0,7,7,1,7,0.0,1.0,1.0,0.143,Regular Season
1642353,Cam Christie,1610612746,LAC,20.0,24,304.0,48,23,25,15,0,3,7,4,0,4,1.0,0.0,0,1,1,1,1,0.0,1.0,1.0,1.0,Regular Season
1642285,Cam Spencer,1610612763,MEM,25.0,45,1084.0,86,30,56,70,2,11,25,10,10,20,0.5,0.5,0,17,16,7,17,0.0,1.0,0.941,0.412,Regular Season
1630560,Cam Thomas,1610612751,BKN,24.0,21,521.0,51,30,21,20,0,1,2,2,1,3,0.667,0.333,0,2,2,1,2,0.0,1.0,1.0,0.5,Regular Season
1641715,Cam Whitmore,1610612764,WAS,21.0,21,354.0,38,26,12,24,0,1,2,10,3,13,0.769,0.231,3,4,7,5,7,0.429,0.571,1.0,0.714,Regular Season
1629661,Cameron Johnson,1610612743,DEN,29.0,28,857.0,104,52,52,52,3,17,39,7,6,13,0.538,0.462,1,15,16,6,16,0.063,0.938,1.0,0.375,Regular Season
1627747,Caris LeVert,1610612765,DET,31.0,31,612.0,89,50,39,55,0,6,14,5,12,17,0.294,0.706,0,13,13,7,13,0.0,1.0,1.0,0.538,Regular Season
1642868,Carter Bryant,1610612759,SAS,20.0,34,297.0,68,43,25,15,1,5,13,2,3,5,0.4,0.6,0,8,8,1,8,0.0,1.0,1.0,0.125,Regular Season
1641717,Cason Wallace,1610612760,OKC,22.0,47,1242.0,205,78,127,206,0,44,95,13,8,21,0.619,0.381,2,22,24,9,24,0.083,0.917,1.0,0.375,Regular Season
1642907,Cedric Coward,1610612763,MEM,22.0,44,1172.0,244,128,116,65,2,4,11,16,16,32,0.5,0.5,5,10,15,8,15,0.333,0.667,1.0,0.533,Regular Season
1629646,Charles Bassey,1610612755,PHI,25.0,2,31.0,2,2,0,2,0,1,3,1,1,2,0.5,0.5,1,1,2,2,2,0.5,0.5,1.0,1.0,Regular Season
1642404,Chaz Lanier,1610612765,DET,24.0,10,126.0,12,8,4,8,0,0,0,3,0,3,1.0,0.0,0,2,2,0,2,0.0,1.0,1.0,0.0,Regular Season
1631096,Chet Holmgren,1610612760,OKC,23.0,44,1289.0,444,340,104,56,1,57,132,10,5,15,0.667,0.333,17,48,65,49,65,0.262,0.738,1.0,0.754,Regular Season
1628449,Chris Boucher,1610612738,BOS,33.0,7,84.0,27,21,6,7,0,10,25,1,2,3,0.333,0.667,1,3,4,3,4,0.25,0.75,1.0,0.75,Regular Season
1641753,Chris Livingston,1610612739,CLE,22.0,3,17.0,2,0,2,1,0,0,0,2,0,2,1.0,0.0,0,0,0,0,0,0.0,0.0,0.0,0.0,Regular Season
1643024,Chris Mañon,1610612747,LAL,24.0,2,9.0,2,2,0,7,1,0,0,1,0,1,1.0,0.0,0,0,0,0,0,0.0,0.0,0.0,0.0,Regular Season
101108,Chris Paul,1610612746,LAC,40.0,14,207.0,11,4,7,27,0,1,2,0,1,1,0.0,1.0,0,5,5,2,5,0.0,1.0,1.0,0.4,Regular Season
1642959,Chris Youngblood,1610612760,OKC,23.0,18,108.0,22,16,6,5,0,1,2,0,2,2,0.0,1.0,0,1,1,1,1,0.0,1.0,1.0,1.0,Regular Season
1631128,Christian Braun,1610612743,DEN,24.0,14,404.0,46,26,20,31,0,11,26,5,1,6,0.833,0.167,2,3,5,4,5,0.4,0.6,1.0,0.8,Regular Season
1631132,Christian Koloko,1610612737,ATL,25.0,19,295.0,123,102,21,16,0,33,74,6,2,8,0.75,0.25,4,9,13,6,13,0.308,0.692,1.0,0.462,Regular Season
1642935,Chucky Hepburn,1610612761,TOR,22.0,2,13.0,3,2,1,3,0,0,0,0,1,1,0.0,1.0,0,0,0,0,0,0.0,0.0,0.0,0.0,Regular Season
203991,Clint Capela,1610612745,HOU,31.0,41,476.0,176,138,38,27,0,36,77,12,5,17,0.706,0.294,23,15,37,32,38,0.605,0.395,0.974,0.842,Regular Season
1629632,Coby White,1610612741,CHI,25.0,27,784.0,108,62,46,33,6,12,28,9,7,16,0.563,0.438,0,10,9,6,10,0.0,1.0,0.9,0.6,Regular Season
1628998,Cody Martin,1610612754,IND,30.0,4,55.0,7,4,3,9,0,1,2,0,1,1,0.0,1.0,0,1,1,0,1,0.0,1.0,1.0,0.0,Regular Season
1642262,Cody Williams,1610612762,UTA,21.0,35,653.0,112,78,34,49,0,19,47,3,9,12,0.25,0.75,0,4,4,1,4,0.0,1.0,1.0,0.25,Regular Season
1641732,Colby Jones,1610612765,DET,23.0,1,7.0,0,0,0,0,0,0,0,0,0,0,0.0,0.0,0,1,1,1,1,0.0,1.0,1.0,1.0,Regular Season
1630175,Cole Anthony,1610612749,MIL,25.0,31,488.0,57,24,33,37,1,2,4,6,7,13,0.462,0.538,0,4,4,2,4,0.0,1.0,1.0,0.5,Regular Season
1631221,Collin Gillespie,1610612756,PHX,26.0,49,1379.0,137,62,75,115,8,12,27,19,22,41,0.463,0.537,1,17,18,12,18,0.056,0.944,1.0,0.667,Regular Season
1642867,Collin Murray-Boyles,1610612761,TOR,20.0,40,882.0,213,134,79,101,1,63,137,12,6,18,0.667,0.333,23,27,50,32,50,0.46,0.54,1.0,0.64,Regular Season
1629012,Collin Sexton,1610612766,CHA,27.0,41,925.0,83,49,34,71,0,18,42,9,9,18,0.5,0.5,0,8,8,3,8,0.0,1.0,1.0,0.375,Regular Season
1642843,Cooper Flagg,1610612742,DAL,19.0,45,1532.0,321,167,154,95,0,25,56,17,23,40,0.425,0.575,2,19,20,14,21,0.095,0.905,0.952,0.667,Regular Season
1630557,Corey Kispert,1610612737,ATL,26.0,29,571.0,93,65,28,21,0,8,19,6,6,12,0.5,0.5,0,2,2,0,2,0.0,1.0,1.0,0.0,Regular Season
1641854,Craig Porter Jr.,1610612739,CLE,25.0,44,799.0,120,81,39,100,0,10,23,14,6,20,0.7,0.3,1,7,7,2,8,0.125,0.875,0.875,0.25,Regular Season
1642938,Curtis Jones,1610612743,DEN,24.0,4,23.0,5,2,3,0,0,0,0,0,0,0,0.0,0.0,0,0,0,0,0,0.0,0.0,0.0,0.0,Regular Season
1626156,D'Angelo Russell,1610612742,DAL,29.0,24,457.0,47,23,24,27,1,5,12,2,6,8,0.25,0.75,0,3,3,2,3,0.0,1.0,1.0,0.667,Regular Season
1641747,DaRon Holmes II,1610612743,DEN,23.0,12,170.0,73,51,22,7,0,15,35,1,1,2,0.5,0.5,2,12,14,4,14,0.143,0.857,1.0,0.286,Regular Season
1631342,Daeqwon Plowden,1610612758,SAC,27.0,3,46.0,5,2,3,2,0,0,0,0,0,0,0.0,0.0,0,1,1,0,1,0.0,1.0,1.0,0.0,Regular Season
1631207,Dalen Terry,1610612741,CHI,23.0,24,330.0,80,53,27,28,1,3,8,3,8,11,0.273,0.727,1,4,4,3,5,0.2,0.8,0.8,0.6,Regular Season
1642261,Dalton Knecht,1610612747,LAL,24.0,31,431.0,65,36,29,15,2,7,18,2,3,5,0.4,0.6,0,5,5,4,5,0.0,1.0,1.0,0.8,Regular Season
1629655,Daniel Gafford,1610612742,DAL,27.0,33,693.0,224,190,34,62,2,94,213,11,11,22,0.5,0.5,13,36,49,26,49,0.265,0.735,1.0,0.531,Regular Season
1642450,Daniss Jenkins,1610612765,DET,24.0,34,639.0,87,51,36,58,0,4,9,10,13,23,0.435,0.565,1,7,7,1,8,0.125,0.875,0.875,0.125,Regular Season
1642874,Danny Wolf,1610612751,BKN,21.0,33,676.0,157,109,48,41,0,6,13,4,4,8,0.5,0.5,5,13,18,11,18,0.278,0.722,1.0,0.611,Regular Season
203967,Dario Šarić,1610612741,CHI,31.0,5,41.0,12,8,4,7,0,1,3,0,0,0,0.0,0.0,0,2,2,1,2,0.0,1.0,1.0,0.5,Regular Season
1629636,Darius Garland,1610612739,CLE,26.0,26,792.0,85,39,46,48,1,6,13,7,8,15,0.467,0.533,0,5,5,3,5,0.0,1.0,1.0,0.6,Regular Season
1642357,David Jones Garcia,1610612759,SAS,24.0,8,64.0,7,3,4,11,0,0,0,2,0,2,1.0,0.0,0,0,0,0,0,0.0,0.0,0.0,0.0,Regular Season
1630558,Davion Mitchell,1610612748,MIA,27.0,41,1187.0,126,31,95,94,5,8,18,7,18,25,0.28,0.72,0,14,14,5,14,0.0,1.0,1.0,0.357,Regular Season
1630549,Day'Ron Sharpe,1610612751,BKN,24.0,46,839.0,175,120,55,103,0,78,188,14,7,21,0.667,0.333,26,31,56,39,57,0.456,0.544,0.982,0.684,Regular Season
1628368,De'Aaron Fox,1610612759,SAS,28.0,40,1301.0,154,63,91,118,1,7,16,9,11,20,0.45,0.55,0,3,3,1,3,0.0,1.0,1.0,0.333,Regular Season
1629631,De'Andre Hunter,1610612758,SAC,28.0,43,1125.0,125,67,58,72,0,14,31,5,9,14,0.357,0.643,1,22,23,8,23,0.043,0.957,1.0,0.348,Regular Season
1629001,De'Anthony Melton,1610612744,GSW,27.0,23,487.0,57,30,27,71,0,5,13,6,8,14,0.429,0.571,0,8,8,1,8,0.0,1.0,1.0,0.125,Regular Season
201599,DeAndre Jordan,1610612740,NOP,37.0,2,23.0,6,4,2,1,0,2,5,2,0,2,1.0,0.0,0,0,0,0,0,0.0,0.0,0.0,0.0,Regular Season
201942,DeMar DeRozan,1610612758,SAC,36.0,51,1686.0,156,88,68,97,4,7,17,10,16,26,0.385,0.615,0,25,25,12,25,0.0,1.0,1.0,0.48,Regular Season
1629731,Dean Wade,1610612739,CLE,29.0,42,961.0,215,158,57,84,0,31,76,7,9,16,0.438,0.563,3,45,48,17,48,0.063,0.938,1.0,0.354,Regular Season
1629028,Deandre Ayton,1610612747,LAL,27.0,43,1222.0,347,260,87,59,0,163,379,13,13,26,0.5,0.5,21,27,47,42,48,0.438,0.563,0.979,0.875,Regular Season
1630166,Deni Avdija,1610612757,POR,25.0,44,1523.0,206,141,65,67,0,9,19,18,10,28,0.643,0.357,1,18,19,16,19,0.053,0.947,1.0,0.842,Regular Season
203471,Dennis Schröder,1610612739,CLE,32.0,39,1036.0,90,43,47,60,4,12,26,10,6,16,0.625,0.375,0,8,8,4,8,0.0,1.0,1.0,0.5,Regular Season
1641726,Dereck Lively II,1610612742,DAL,21.0,7,115.0,57,46,11,4,0,11,23,2,3,5,0.4,0.6,1,11,12,6,12,0.083,0.917,1.0,0.5,Regular Season
1642852,Derik Queen,1610612740,NOP,21.0,50,1291.0,368,255,113,117,4,79,187,12,7,19,0.632,0.368,10,36,45,27,46,0.217,0.783,1.0,0.6,Regular Season
1627884,Derrick Jones Jr.,1610612746,LAC,28.0,17,411.0,56,35,21,33,0,14,34,5,2,7,0.714,0.286,0,4,4,2,4,0.0,1.0,1.0,0.5,Regular Season
1628401,Derrick White,1610612738,BOS,31.0,47,1600.0,370,220,150,134,8,17,40,10,23,33,0.303,0.697,0,9,9,1,9,0.0,1.0,1.0,0.111,Regular Season
1630217,Desmond Bane,1610612753,ORL,27.0,48,1642.0,246,121,125,84,1,25,53,15,23,38,0.395,0.605,11,12,23,14,23,0.478,0.522,1.0,0.609,Regular Season
1626164,Devin Booker,1610612756,PHX,29.0,41,1394.0,109,59,50,63,2,20,45,19,18,37,0.514,0.486,2,19,21,10,21,0.095,0.905,1.0,0.476,Regular Season
1642269,Devin Carter,1610612758,SAC,23.0,12,118.0,21,11,10,14,0,1,3,1,3,4,0.25,0.75,0,1,1,0,1,0.0,1.0,1.0,0.0,Regular Season
1630170,Devin Vassell,1610612759,SAS,25.0,36,1126.0,120,76,44,54,0,10,22,5,10,15,0.333,0.667,0,7,7,5,7,0.0,1.0,1.0,0.714,Regular Season
1628415,Dillon Brooks,1610612756,PHX,30.0,44,1365.0,145,62,83,98,1,20,47,13,11,24,0.542,0.458,0,13,13,9,13,0.0,1.0,1.0,0.692,Regular Season
1627734,Domantas Sabonis,1610612758,SAC,29.0,18,540.0,97,68,29,28,0,71,158,10,6,16,0.625,0.375,18,22,39,31,40,0.45,0.55,0.975,0.775,Regular Season
1631230,Dominick Barlow,1610612755,PHI,22.0,38,900.0,254,178,76,53,0,28,68,12,13,25,0.48,0.52,2,16,18,6,18,0.111,0.889,1.0,0.333,Regular Season
1642270,Donovan Clingan,1610612757,POR,21.0,46,1258.0,604,431,173,45,0,113,262,16,3,19,0.842,0.158,53,43,94,81,96,0.552,0.448,0.979,0.844,Regular Season
1628378,Donovan Mitchell,1610612739,CLE,29.0,47,1592.0,127,56,71,142,0,12,28,16,19,35,0.457,0.543,0,15,15,9,15,0.0,1.0,1.0,0.6,Regular Season
1628978,Donte DiVincenzo,1610612750,MIN,29.0,50,1575.0,152,82,70,157,0,23,57,15,24,39,0.385,0.615,0,12,12,4,12,0.0,1.0,1.0,0.333,Regular Season
1627827,Dorian Finney-Smith,1610612745,HOU,32.0,16,247.0,40,21,19,13,0,7,16,2,0,2,1.0,0.0,0,4,4,1,4,0.0,1.0,1.0,0.25,Regular Season
203926,Doug McDermott,1610612758,SAC,34.0,6,68.0,14,9,5,1,0,0,0,1,1,2,0.5,0.5,0,0,0,0,0,0.0,0.0,0.0,0.0,Regular Season
1642962,Drake Powell,1610612751,BKN,20.0,36,710.0,92,52,40,47,0,4,9,6,6,12,0.5,0.5,2,10,10,2,12,0.167,0.833,0.833,0.167,Regular Season
203110,Draymond Green,1610612744,GSW,35.0,41,1093.0,307,199,108,93,5,106,270,10,8,18,0.556,0.444,5,48,51,28,53,0.094,0.906,0.962,0.528,Regular Season
1629234,Drew Eubanks,1610612758,SAC,29.0,31,424.0,103,81,22,22,1,60,135,2,1,3,0.667,0.333,7,18,25,17,25,0.28,0.72,1.0,0.68,Regular Season
1641809,Drew Peterson,1610612766,CHA,26.0,6,64.0,5,3,2,11,0,1,2,1,0,1,1.0,0.0,0,1,1,1,1,0.0,1.0,1.0,1.0,Regular Season
1631166,Drew Timme,1610612747,LAL,25.0,12,119.0,20,14,6,5,1,5,15,0,2,2,0.0,1.0,1,8,9,1,9,0.111,0.889,1.0,0.111,Regular Season
1630696,Dru Smith,1610612748,MIA,28.0,49,863.0,132,68,64,151,7,5,11,7,11,18,0.389,0.611,1,15,15,4,16,0.063,0.938,0.938,0.25,Regular Season
1629130,Duncan Robinson,1610612765,DET,31.0,46,1312.0,163,94,69,86,4,34,70,10,7,17,0.588,0.412,0,20,20,6,20,0.0,1.0,1.0,0.3,Regular Season
1641871,Duop Reath,1610612737,ATL,29.0,28,250.0,79,50,29,8,1,12,28,3,2,5,0.6,0.4,0,12,12,3,12,0.0,1.0,1.0,0.25,Regular Season
203939,Dwight Powell,1610612742,DAL,34.0,34,516.0,147,122,25,55,5,91,207,5,8,13,0.385,0.615,10,32,41,22,42,0.238,0.762,0.976,0.524,Regular Season
1642928,Dylan Cardwell,1610612758,SAC,24.0,23,470.0,175,148,27,30,0,50,115,8,3,11,0.727,0.273,11,28,39,22,39,0.282,0.718,1.0,0.564,Regular Season
1642844,Dylan Harper,1610612759,SAS,19.0,39,835.0,101,64,37,46,0,5,10,13,10,23,0.565,0.435,0,5,5,3,5,0.0,1.0,1.0,0.6,Regular Season
1630700,Dyson Daniels,1610612737,ATL,22.0,49,1667.0,298,166,132,207,3,69,166,25,21,46,0.543,0.457,7,17,23,20,24,0.292,0.708,1.0,0.87,Regular Season
1630604,E.J. Liddell,1610612751,BKN,25.0,6,28.0,5,4,1,2,0,0,0,0,0,0,0.0,0.0,0,2,2,0,2,0.0,1.0,1.0,0.0,Regular Season
1642856,Egor Dëmin,1610612751,BKN,19.0,42,1034.0,164,99,65,74,2,9,22,11,7,18,0.611,0.389,0,13,13,5,13,0.0,1.0,1.0,0.385,Regular Season
1641989,Elijah Harkless,1610612762,UTA,25.0,6,65.0,13,5,8,10,0,0,0,0,0,0,0.0,0.0,0,0,0,0,0,0.0,0.0,0.0,0.0,Regular Season
1641801,Emanuel Miller,1610612739,CLE,25.0,4,29.0,3,3,0,2,0,0,0,1,2,3,0.333,0.667,0,1,1,0,1,0.0,1.0,1.0,0.0,Regular Season
201569,Eric Gordon,1610612755,PHI,37.0,5,68.0,6,1,5,2,0,0,0,0,0,0,0.0,0.0,0,0,0,0,0,0.0,0.0,0.0,0.0,Regular Season
1630679,Ethan Thompson,1610612754,IND,26.0,17,303.0,56,33,23,22,1,8,19,2,0,2,1.0,0.0,1,6,7,2,7,0.143,0.857,1.0,0.286,Regular Season
1630596,Evan Mobley,1610612739,CLE,24.0,42,1402.0,460,321,139,82,0,89,203,14,10,24,0.583,0.417,18,56,73,49,74,0.243,0.757,0.986,0.662,Regular Season
1630532,Franz Wagner,1610612753,ORL,24.0,26,854.0,115,67,48,59,1,7,17,9,9,18,0.5,0.5,0,19,19,8,19,0.0,1.0,1.0,0.421,Regular Season
1641713,GG Jackson,1610612763,MEM,21.0,24,454.0,97,63,34,38,0,5,11,2,5,7,0.286,0.714,2,4,6,3,6,0.333,0.667,1.0,0.5,Regular Season
1629216,Gabe Vincent,1610612747,LAL,29.0,28,543.0,67,31,36,38,2,14,35,4,4,8,0.5,0.5,0,6,6,1,6,0.0,1.0,1.0,0.167,Regular Season
202066,Garrett Temple,1610612761,TOR,39.0,8,27.0,7,3,4,4,0,2,4,1,0,1,1.0,0.0,0,0,0,0,0,0.0,0.0,0.0,0.0,Regular Season
1629726,Garrison Mathews,1610612754,IND,29.0,12,180.0,20,11,9,11,4,1,2,0,0,0,0.0,0.0,0,2,2,0,2,0.0,1.0,1.0,0.0,Regular Season
203914,Gary Harris,1610612749,MIL,31.0,30,480.0,47,17,30,48,0,7,14,4,3,7,0.571,0.429,0,4,4,1,4,0.0,1.0,1.0,0.25,Regular Season
1627780,Gary Payton II,1610612744,GSW,33.0,43,550.0,78,46,32,57,0,25,67,14,5,19,0.737,0.263,3,4,7,6,7,0.429,0.571,1.0,0.857,Regular Season
1629018,Gary Trent Jr.,1610612749,MIL,27.0,39,977.0,44,18,26,70,0,0,0,8,5,13,0.615,0.385,1,6,7,2,7,0.143,0.857,1.0,0.286,Regular Season
203507,Giannis Antetokounmpo,1610612749,MIL,31.0,30,876.0,120,72,48,56,0,53,123,16,3,19,0.842,0.158,12,23,35,32,35,0.343,0.657,1.0,0.914,Regular Season
1629048,Goga Bitadze,1610612753,ORL,26.0,41,666.0,206,148,58,59,1,77,175,4,5,9,0.444,0.556,24,37,61,35,61,0.393,0.607,1.0,0.574,Regular Season
1641711,Gradey Dick,1610612761,TOR,22.0,50,821.0,45,22,23,93,2,5,11,15,8,23,0.652,0.348,2,9,11,6,11,0.182,0.818,1.0,0.545,Regular Season
1629684,Grant Williams,1610612766,CHA,27.0,9,157.0,31,17,14,9,0,4,9,2,0,2,1.0,0.0,1,8,9,5,9,0.111,0.889,1.0,0.556,Regular Season
1628960,Grayson Allen,1610612756,PHX,30.0,32,979.0,108,54,54,81,0,4,10,5,13,18,0.278,0.722,0,7,7,0,7,0.0,1.0,1.0,0.0,Regular Season
1627824,Guerschon Yabusele,1610612752,NYK,30.0,35,329.0,48,31,17,19,1,16,39,3,1,4,0.75,0.25,3,12,15,7,15,0.2,0.8,1.0,0.467,Regular Season
1630611,Gui Santos,1610612744,GSW,23.0,35,481.0,110,75,35,47,1,6,15,7,4,11,0.636,0.364,5,12,17,12,17,0.294,0.706,1.0,0.706,Regular Season
203084,Harrison Barnes,1610612759,SAS,33.0,49,1372.0,183,99,84,62,2,36,81,14,9,23,0.609,0.391,4,30,34,20,34,0.118,0.882,1.0,0.588,Regular Season
1631127,Harrison Ingram,1610612759,SAS,23.0,1,4.0,1,1,0,0,0,0,0,0,0,0,0.0,0.0,0,0,0,0,0,0.0,0.0,0.0,0.0,Regular Season
1630529,Herbert Jones,1610612740,NOP,27.0,28,791.0,104,46,58,92,2,12,29,8,8,16,0.5,0.5,1,20,21,5,21,0.048,0.952,1.0,0.238,Regular Season
1642864,Hugo González,1610612738,BOS,19.0,42,671.0,107,67,40,50,2,20,46,9,8,17,0.529,0.471,3,5,8,3,8,0.375,0.625,1.0,0.375,Regular Season
1630621,Hunter Dickinson,1610612740,NOP,25.0,1,5.0,2,1,1,0,0,0,0,0,0,0,0.0,0.0,0,0,0,0,0,0.0,0.0,0.0,0.0,Regular Season
1642282,Hunter Sallis,1610612755,PHI,22.0,3,18.0,5,3,2,0,0,0,0,0,0,0,0.0,0.0,0,0,0,0,0,0.0,0.0,0.0,0.0,Regular Season
1641816,Hunter Tyson,1610612743,DEN,25.0,12,124.0,28,12,16,9,0,2,4,1,2,3,0.333,0.667,0,0,0,0,0,0.0,0.0,0.0,0.0,Regular Season
1630193,Immanuel Quickley,1610612761,TOR,26.0,48,1561.0,171,89,82,115,0,18,37,11,14,25,0.44,0.56,1,19,20,12,20,0.05,0.95,1.0,0.6,Regular Season
1642403,Isaac Jones,1610612765,DET,25.0,1,14.0,2,1,1,0,0,0,0,0,0,0,0.0,0.0,0,0,0,0,0,0.0,0.0,0.0,0.0,Regular Season
1630171,Isaac Okoro,1610612741,CHI,25.0,42,1064.0,203,137,66,54,9,20,42,12,7,19,0.632,0.368,2,33,35,13,35,0.057,0.943,1.0,0.371,Regular Season
1642268,Isaiah Collier,1610612762,UTA,21.0,40,971.0,107,32,75,54,1,7,17,8,4,12,0.667,0.333,0,3,3,2,3,0.0,1.0,1.0,0.667,Regular Season
1628392,Isaiah Hartenstein,1610612760,OKC,27.0,26,684.0,173,125,48,62,1,86,199,15,5,20,0.75,0.25,23,42,64,46,65,0.354,0.646,0.985,0.708,Regular Season
1630543,Isaiah Jackson,1610612754,IND,24.0,35,588.0,160,111,49,70,0,71,159,11,5,16,0.688,0.313,15,15,30,18,30,0.5,0.5,1.0,0.6,Regular Season
1630198,Isaiah Joe,1610612760,OKC,26.0,41,829.0,96,37,59,60,5,16,36,5,9,14,0.357,0.643,0,10,10,3,10,0.0,1.0,1.0,0.3,Regular Season
1630587,Isaiah Livers,1610612756,PHX,27.0,25,272.0,55,35,20,18,0,8,20,4,2,6,0.667,0.333,0,3,3,2,3,0.0,1.0,1.0,0.667,Regular Season
1641815,Isaiah Stevens,1610612758,SAC,25.0,2,23.0,0,0,0,4,0,0,0,0,0,0,0.0,0.0,0,0,0,0,0,0.0,0.0,0.0,0.0,Regular Season
1630191,Isaiah Stewart,1610612765,DET,24.0,44,1032.0,411,309,102,25,0,71,169,8,7,15,0.533,0.467,19,48,67,50,67,0.284,0.716,1.0,0.746,Regular Season
1627826,Ivica Zubac,1610612746,LAC,28.0,42,1295.0,392,304,88,41,0,118,285,13,7,20,0.65,0.35,43,60,102,68,103,0.417,0.583,0.99,0.66,Regular Season
1631120,JD Davison,1610612745,HOU,23.0,12,116.0,18,10,8,8,0,2,4,0,2,2,0.0,1.0,1,0,1,1,1,1.0,0.0,1.0,1.0,Regular Season
1629630,Ja Morant,1610612763,MEM,26.0,20,569.0,34,16,18,47,2,1,2,7,3,10,0.7,0.3,0,6,6,2,6,0.0,1.0,1.0,0.333,Regular Season
1642266,Ja'Kobe Walter,1610612761,TOR,21.0,41,735.0,94,43,51,86,3,5,12,7,8,15,0.467,0.533,4,4,8,6,8,0.5,0.5,1.0,0.75,Regular Season
1631095,Jabari Smith Jr.,1610612745,HOU,22.0,46,1605.0,295,194,101,71,0,21,51,9,12,21,0.429,0.571,7,23,30,23,30,0.233,0.767,1.0,0.767,Regular Season
1631133,Jabari Walker,1610612755,PHI,23.0,40,526.0,63,37,26,39,3,17,38,3,4,7,0.429,0.571,9,4,13,10,15,0.6,0.267,1.0,0.769,Regular Season
1631210,Jacob Toppin,1610612737,ATL,25.0,2,8.0,2,1,1,0,0,1,3,0,0,0,0.0,0.0,0,0,0,0,0,0.0,0.0,0.0,0.0,Regular Season
1630702,Jaden Hardy,1610612742,DAL,23.0,25,371.0,30,18,12,18,2,1,3,4,2,6,0.667,0.333,0,7,7,1,7,0.0,1.0,1.0,0.143,Regular Season
1631093,Jaden Ivey,1610612765,DET,23.0,32,543.0,62,37,25,28,0,5,10,5,7,12,0.417,0.583,1,3,4,1,4,0.25,0.75,1.0,0.25,Regular Season
1630183,Jaden McDaniels,1610612750,MIN,25.0,48,1540.0,288,168,120,102,0,17,39,12,15,27,0.444,0.556,0,10,10,1,10,0.0,1.0,1.0,0.1,Regular Season
1630256,Jae'Sean Tate,1610612745,HOU,30.0,23,212.0,37,21,16,18,1,6,15,6,4,10,0.6,0.4,3,5,7,5,8,0.375,0.625,0.875,0.625,Regular Season
1642942,Jahmai Mashack,1610612763,MEM,23.0,5,23.0,5,3,2,2,0,0,0,1,0,1,1.0,0.0,0,1,1,1,1,0.0,1.0,1.0,1.0,Regular Season
1642443,Jahmir Young,1610612748,MIA,25.0,4,31.0,6,3,3,3,0,0,0,1,0,1,1.0,0.0,0,0,0,0,0,0.0,0.0,0.0,0.0,Regular Season
1643141,Jahmyl Telfort,1610612746,LAC,24.0,3,11.0,1,1,0,1,0,0,0,0,0,0,0.0,0.0,0,1,1,0,1,0.0,1.0,1.0,0.0,Regular Season
1631170,Jaime Jaquez Jr.,1610612748,MIA,24.0,46,1326.0,251,145,106,70,0,13,32,8,11,19,0.421,0.579,1,31,32,16,32,0.031,0.969,1.0,0.5,Regular Season
1631222,Jake LaRavia,1610612747,LAL,24.0,48,1309.0,199,109,90,156,1,14,33,12,17,29,0.414,0.586,7,20,25,14,27,0.259,0.741,0.926,0.519,Regular Season
1627751,Jakob Poeltl,1610612761,TOR,30.0,21,531.0,152,114,38,50,1,82,181,5,7,12,0.417,0.583,22,37,57,37,59,0.373,0.627,0.966,0.627,Regular Season
1628973,Jalen Brunson,1610612752,NYK,29.0,44,1514.0,141,54,87,68,13,16,40,11,18,29,0.379,0.621,0,9,9,1,9,0.0,1.0,1.0,0.111,Regular Season
1631105,Jalen Duren,1610612765,DET,22.0,41,1154.0,341,236,105,64,0,109,257,17,17,34,0.5,0.5,43,64,107,78,107,0.402,0.598,1.0,0.729,Regular Season
1630224,Jalen Green,1610612756,PHX,23.0,4,65.0,8,2,6,3,0,0,0,0,1,1,0.0,1.0,0,0,0,0,0,0.0,0.0,0.0,0.0,Regular Season
1630552,Jalen Johnson,1610612737,ATL,24.0,46,1636.0,215,128,87,110,2,37,90,14,12,26,0.538,0.462,2,28,30,19,30,0.067,0.933,1.0,0.633,Regular Season
1629618,Jalen Pickett,1610612743,DEN,26.0,27,614.0,64,34,30,23,0,15,34,4,3,7,0.571,0.429,2,9,11,7,11,0.182,0.818,1.0,0.636,Regular Season
1630188,Jalen Smith,1610612741,CHI,25.0,41,824.0,221,158,63,25,3,54,121,3,10,13,0.231,0.769,19,51,70,49,70,0.271,0.729,1.0,0.7,Regular Season
1630591,Jalen Suggs,1610612753,ORL,24.0,28,730.0,70,43,27,97,4,5,10,13,11,24,0.542,0.458,4,4,8,5,8,0.5,0.5,1.0,0.625,Regular Season
1631114,Jalen Williams,1610612760,OKC,24.0,24,711.0,84,52,32,83,0,9,23,5,9,14,0.357,0.643,0,10,10,5,10,0.0,1.0,1.0,0.5,Regular Season
1630592,Jalen Wilson,1610612751,BKN,25.0,29,454.0,63,35,28,21,0,7,20,3,2,5,0.6,0.4,0,11,10,2,11,0.0,1.0,0.909,0.182,Regular Season
1631288,Jamal Cain,1610612753,ORL,26.0,15,126.0,27,15,12,10,0,0,0,1,0,1,1.0,0.0,1,3,4,1,4,0.25,0.75,1.0,0.25,Regular Season
1627750,Jamal Murray,1610612743,DEN,28.0,45,1596.0,170,90,80,89,1,22,54,12,12,24,0.5,0.5,0,7,7,4,7,0.0,1.0,1.0,0.571,Regular Season
1642347,Jamal Shead,1610612761,TOR,23.0,51,1137.0,100,35,65,110,3,8,19,9,9,18,0.5,0.5,0,8,8,3,8,0.0,1.0,1.0,0.375,Regular Season
1631123,Jamaree Bouyea,1610612756,PHX,26.0,22,354.0,47,28,19,33,0,1,3,3,4,7,0.429,0.571,0,1,1,0,1,0.0,1.0,1.0,0.0,Regular Season
201935,James Harden,1610612746,LAC,36.0,44,1559.0,115,50,65,87,0,3,6,15,19,34,0.441,0.559,0,26,25,15,26,0.0,1.0,0.962,0.577,Regular Season
1630164,James Wiseman,1610612754,IND,24.0,4,58.0,19,13,6,0,0,4,9,1,1,2,0.5,0.5,1,3,4,1,4,0.25,0.75,1.0,0.25,Regular Season
1642364,Jamir Watkins,1610612764,WAS,24.0,22,358.0,76,50,26,57,3,5,12,2,2,4,0.5,0.5,0,9,9,3,9,0.0,1.0,1.0,0.333,Regular Season
1642419,Jamison Battle,1610612761,TOR,24.0,27,275.0,41,29,12,11,1,2,4,3,2,5,0.6,0.4,1,5,6,3,6,0.167,0.833,1.0,0.5,Regular Season
1641716,Jarace Walker,1610612754,IND,22.0,48,1136.0,138,82,56,86,0,12,30,4,10,14,0.286,0.714,1,18,19,8,19,0.053,0.947,1.0,0.421,Regular Season
1642272,Jared McCain,1610612755,PHI,21.0,29,553.0,55,27,28,40,0,8,17,6,6,12,0.5,0.5,0,4,4,3,4,0.0,1.0,1.0,0.75,Regular Season
1628991,Jaren Jackson Jr.,1610612763,MEM,26.0,44,1352.0,410,275,135,99,1,42,104,11,10,21,0.524,0.476,3,32,34,20,35,0.086,0.914,0.971,0.571,Regular Season
1629020,Jarred Vanderbilt,1610612747,LAL,26.0,38,748.0,93,65,28,73,0,32,81,11,12,23,0.478,0.522,7,9,16,13,16,0.438,0.563,1.0,0.813,Regular Season
1628386,Jarrett Allen,1610612739,CLE,27.0,39,1058.0,299,243,56,99,1,105,235,14,15,29,0.483,0.517,12,45,57,36,57,0.211,0.789,1.0,0.632,Regular Season
1642859,Jase Richardson,1610612753,ORL,20.0,22,342.0,42,31,11,14,1,0,0,4,5,9,0.444,0.556,0,3,3,2,3,0.0,1.0,1.0,0.667,Regular Season
1642914,Javon Small,1610612763,MEM,23.0,13,195.0,27,9,18,15,0,1,2,1,2,3,0.333,0.667,0,1,1,1,1,0.0,1.0,1.0,1.0,Regular Season
1631451,Javonte Cooke,1610612757,POR,26.0,9,63.0,4,4,0,7,0,0,0,1,0,1,1.0,0.0,0,1,1,0,1,0.0,1.0,1.0,0.0,Regular Season
1629750,Javonte Green,1610612765,DET,32.0,47,894.0,98,45,53,135,0,9,20,12,22,34,0.353,0.647,3,14,17,10,17,0.176,0.824,1.0,0.588,Regular Season
1629637,Jaxson Hayes,1610612747,LAL,25.0,40,697.0,232,158,74,41,0,88,208,5,4,9,0.556,0.444,9,21,29,18,30,0.3,0.7,0.967,0.6,Regular Season
1630643,Jay Huff,1610612754,IND,28.0,48,955.0,391,302,89,37,0,77,171,10,3,13,0.769,0.231,11,57,65,29,68,0.162,0.838,0.97,0.433,Regular Season
1627759,Jaylen Brown,1610612738,BOS,29.0,45,1543.0,228,91,137,80,1,19,48,25,17,42,0.595,0.405,1,38,39,26,39,0.026,0.974,1.0,0.667,Regular Season
1641740,Jaylen Clark,1610612750,MIN,24.0,46,654.0,111,69,42,70,0,8,20,7,6,13,0.538,0.462,5,3,8,5,8,0.625,0.375,1.0,0.625,Regular Season
1642377,Jaylen Wells,1610612763,MEM,22.0,47,1265.0,163,90,73,75,0,12,27,9,15,24,0.375,0.625,4,9,12,7,13,0.308,0.692,0.923,0.538,Regular Season
1631119,Jaylin Williams,1610612760,OKC,23.0,35,658.0,214,152,62,42,8,38,87,6,7,13,0.462,0.538,2,42,41,25,44,0.045,0.955,0.932,0.568,Regular Season
1642281,Jaylon Tyson,1610612739,CLE,23.0,46,1285.0,221,122,99,82,0,27,64,13,15,28,0.464,0.536,23,10,32,24,33,0.697,0.303,1.0,0.75,Regular Season
201145,Jeff Green,1610612745,HOU,39.0,10,50.0,14,5,9,3,0,2,5,0,0,0,0.0,0.0,0,1,1,0,1,0.0,1.0,1.0,0.0,Regular Season
203924,Jerami Grant,1610612757,POR,31.0,34,984.0,115,64,51,49,0,8,19,13,9,22,0.591,0.409,1,18,19,7,19,0.053,0.947,1.0,0.368,Regular Season
1642847,Jeremiah Fears,1610612740,NOP,19.0,51,1310.0,149,74,75,144,1,5,12,9,14,23,0.391,0.609,4,12,16,7,16,0.25,0.75,1.0,0.438,Regular Season
1630526,Jeremiah Robinson-Earl,1610612742,DAL,25.0,21,357.0,68,38,30,12,0,6,15,6,1,7,0.857,0.143,4,9,13,9,13,0.308,0.692,1.0,0.692,Regular Season
1631110,Jeremy Sochan,1610612759,SAS,22.0,23,335.0,63,51,12,29,0,32,71,6,3,9,0.667,0.333,6,6,12,5,12,0.5,0.5,1.0,0.417,Regular Season
1630579,Jericho Sims,1610612749,MIL,27.0,27,434.0,84,54,30,16,0,40,90,4,5,9,0.444,0.556,17,28,45,33,45,0.378,0.622,1.0,0.733,Regular Season
1641724,Jett Howard,1610612753,ORL,22.0,23,286.0,41,32,9,8,0,2,4,5,5,10,0.5,0.5,1,4,5,4,5,0.2,0.8,1.0,0.8,Regular Season
1628975,Jevon Carter,1610612741,CHI,30.0,18,221.0,33,9,24,27,0,1,3,0,2,2,0.0,1.0,0,3,3,2,3,0.0,1.0,1.0,0.667,Regular Season
202710,Jimmy Butler III,1610612744,GSW,36.0,38,1182.0,90,42,48,93,1,36,93,19,15,34,0.559,0.441,12,16,28,16,28,0.429,0.571,1.0,0.571,Regular Season
1642866,Joan Beringer,1610612750,MIN,19.0,21,163.0,56,36,20,5,0,11,28,3,1,4,0.75,0.25,4,8,12,8,12,0.333,0.667,1.0,0.667,Regular Season
1629111,Jock Landale,1610612763,MEM,30.0,44,1032.0,202,164,38,44,1,111,268,7,6,13,0.538,0.462,56,63,118,83,119,0.471,0.529,0.992,0.697,Regular Season
204060,Joe Ingles,1610612750,MIN,38.0,8,52.0,7,2,5,6,0,0,0,0,0,0,0.0,0.0,0,0,0,0,0,0.0,0.0,0.0,0.0,Regular Season
203954,Joel Embiid,1610612755,PHI,31.0,28,868.0,236,181,55,26,1,104,255,10,6,16,0.625,0.375,7,31,38,27,38,0.184,0.816,1.0,0.711,Regular Season
1628381,John Collins,1610612746,LAC,28.0,45,1236.0,258,134,124,79,1,28,70,12,13,25,0.48,0.52,9,15,24,14,24,0.375,0.625,1.0,0.583,Regular Season
1629723,John Konchar,1610612763,MEM,29.0,27,417.0,67,37,30,63,0,7,15,7,10,17,0.412,0.588,1,6,7,3,7,0.143,0.857,1.0,0.429,Regular Season
1641780,Johni Broome,1610612755,PHI,23.0,6,40.0,18,15,3,3,0,2,4,1,0,1,1.0,0.0,4,0,4,3,4,1.0,0.0,1.0,0.75,Regular Season
1642277,Johnny Furphy,1610612754,IND,21.0,29,551.0,110,88,22,32,0,11,24,5,8,13,0.385,0.615,4,13,17,9,17,0.235,0.765,1.0,0.529,Regular Season
1630548,Johnny Juzang,1610612750,MIN,24.0,13,63.0,10,6,4,5,0,1,3,1,0,1,1.0,0.0,0,2,2,1,2,0.0,1.0,1.0,0.5,Regular Season
202685,Jonas Valančiūnas,1610612743,DEN,33.0,38,551.0,161,137,24,10,0,65,150,3,7,10,0.3,0.7,22,33,53,42,55,0.4,0.6,0.964,0.764,Regular Season
1628371,Jonathan Isaac,1610612753,ORL,28.0,37,405.0,100,73,27,50,0,17,43,0,3,3,0.0,1.0,8,10,18,8,18,0.444,0.556,1.0,0.444,Regular Season
1630228,Jonathan Kuminga,1610612744,GSW,23.0,20,476.0,77,46,31,33,0,8,19,6,6,12,0.5,0.5,4,7,11,10,11,0.364,0.636,1.0,0.909,Regular Season
1642367,Jonathan Mogbo,1610612761,TOR,24.0,16,131.0,32,21,11,22,0,11,25,0,2,2,0.0,1.0,4,5,9,6,9,0.444,0.556,1.0,0.667,Regular Season
203903,Jordan Clarkson,1610612752,NYK,33.0,45,866.0,92,52,40,46,0,2,6,11,6,17,0.647,0.353,2,18,20,9,20,0.1,0.9,1.0,0.45,Regular Season
1630692,Jordan Goodwin,1610612756,PHX,27.0,47,1023.0,105,57,48,166,0,11,25,18,20,38,0.474,0.526,6,17,23,15,23,0.261,0.739,1.0,0.652,Regular Season
1641722,Jordan Hawkins,1610612740,NOP,23.0,30,464.0,65,40,25,13,1,3,6,4,3,7,0.571,0.429,0,3,3,2,3,0.0,1.0,1.0,0.667,Regular Season
1629162,Jordan McLaughlin,1610612759,SAS,29.0,13,106.0,11,8,3,19,0,3,6,1,0,1,1.0,0.0,0,1,1,0,1,0.0,1.0,1.0,0.0,Regular Season
1641757,Jordan Miller,1610612746,LAC,26.0,25,508.0,74,28,46,34,0,4,9,5,6,11,0.455,0.545,2,4,6,3,6,0.333,0.667,1.0,0.5,Regular Season
1629673,Jordan Poole,1610612740,NOP,26.0,28,710.0,87,25,62,47,3,2,5,4,4,8,0.5,0.5,0,4,4,2,4,0.0,1.0,1.0,0.5,Regular Season
1641775,Jordan Walsh,1610612738,BOS,21.0,42,806.0,135,77,58,77,0,27,69,4,6,10,0.4,0.6,8,10,17,10,18,0.444,0.556,0.944,0.556,Regular Season
1630631,Jose Alvarado,1610612740,NOP,27.0,38,846.0,38,11,27,84,1,5,11,6,11,17,0.353,0.647,0,10,9,1,10,0.0,1.0,0.9,0.1,Regular Season
1630581,Josh Giddey,1610612741,CHI,23.0,34,1090.0,161,65,96,66,2,5,11,15,10,25,0.6,0.4,0,14,14,10,14,0.0,1.0,1.0,0.714,Regular Season
1630182,Josh Green,1610612766,CHA,25.0,25,401.0,48,21,27,30,0,4,9,8,4,12,0.667,0.333,0,6,6,2,6,0.0,1.0,1.0,0.333,Regular Season
1628404,Josh Hart,1610612752,NYK,30.0,38,1171.0,216,99,117,128,3,31,74,18,22,40,0.45,0.55,5,17,22,17,22,0.227,0.773,1.0,0.773,Regular Season
1631169,Josh Minott,1610612738,BOS,23.0,32,519.0,106,60,46,59,0,17,43,13,5,18,0.722,0.278,1,8,9,4,10,0.1,0.8,1.0,0.444,Regular Season
1629006,Josh Okogie,1610612745,HOU,27.0,47,950.0,100,58,42,92,2,10,21,24,16,40,0.6,0.4,1,6,7,3,7,0.143,0.857,1.0,0.429,Regular Season
201950,Jrue Holiday,1610612757,POR,35.0,20,568.0,49,17,32,49,0,7,17,5,9,14,0.357,0.643,0,7,7,3,7,0.0,1.0,1.0,0.429,Regular Season
1630577,Julian Champagnie,1610612759,SAS,24.0,49,1400.0,202,120,82,80,0,36,79,9,27,36,0.25,0.75,2,22,24,18,24,0.083,0.917,1.0,0.75,Regular Season
1641763,Julian Phillips,1610612741,CHI,22.0,29,318.0,51,26,25,30,2,5,11,3,2,5,0.6,0.4,0,9,9,3,9,0.0,1.0,1.0,0.333,Regular Season
1631124,Julian Strawther,1610612743,DEN,23.0,19,256.0,21,14,7,20,0,2,4,2,4,6,0.333,0.667,0,1,1,0,1,0.0,1.0,1.0,0.0,Regular Season
203944,Julius Randle,1610612750,MIN,31.0,50,1664.0,228,124,104,104,0,33,82,21,12,33,0.636,0.364,17,39,56,45,56,0.304,0.696,1.0,0.804,Regular Season
1630551,Justin Champagnie,1610612764,WAS,24.0,42,851.0,140,90,50,73,0,8,19,13,8,21,0.619,0.381,1,15,15,12,16,0.063,0.938,0.938,0.75,Regular Season
1642348,Justin Edwards,1610612755,PHI,22.0,32,512.0,48,27,21,48,1,9,22,2,7,9,0.222,0.778,0,6,6,4,6,0.0,1.0,1.0,0.667,Regular Season
203994,Jusuf Nurkić,1610612762,UTA,31.0,38,1009.0,259,166,93,109,0,171,411,8,6,14,0.571,0.429,38,87,124,88,125,0.304,0.696,0.992,0.704,Regular Season
1642354,KJ Simpson,1610612766,CHA,23.0,12,216.0,21,12,9,28,1,4,10,2,3,5,0.4,0.6,0,2,2,0,2,0.0,1.0,1.0,0.0,Regular Season
1642880,Kam Jones,1610612754,IND,23.0,8,75.0,8,4,4,6,0,0,0,0,0,0,0.0,0.0,0,3,3,0,3,0.0,1.0,1.0,0.0,Regular Season
1626157,Karl-Anthony Towns,1610612752,NYK,30.0,46,1453.0,273,195,78,91,0,96,221,14,15,29,0.483,0.517,42,77,119,95,119,0.353,0.647,1.0,0.798,Regular Season
1631255,Karlo Matković,1610612740,NOP,24.0,38,487.0,155,109,46,28,1,32,79,4,2,6,0.667,0.333,4,22,26,13,26,0.154,0.846,1.0,0.5,Regular Season
1642857,Kasparas Jakučionis,1610612748,MIA,19.0,24,391.0,62,29,33,38,1,0,0,1,8,9,0.111,0.889,1,4,5,1,5,0.2,0.8,1.0,0.2,Regular Season
202695,Kawhi Leonard,1610612746,LAC,34.0,35,1153.0,151,69,82,129,0,7,17,16,11,27,0.593,0.407,1,19,20,9,20,0.05,0.95,1.0,0.45,Regular Season
1630811,Keaton Wallace,1610612737,ATL,26.0,31,419.0,63,28,35,35,0,5,11,3,9,12,0.25,0.75,0,9,8,2,9,0.0,1.0,0.889,0.222,Regular Season
1631099,Keegan Murray,1610612758,SAC,25.0,19,683.0,151,112,39,48,0,7,16,4,6,10,0.4,0.6,3,11,14,11,14,0.214,0.786,1.0,0.786,Regular Season
1642276,Kel'el Ware,1610612748,MIA,21.0,47,1063.0,293,208,85,67,0,39,87,15,13,28,0.536,0.464,17,63,78,68,80,0.213,0.788,0.975,0.85,Regular Season
1629640,Keldon Johnson,1610612759,SAS,26.0,49,1175.0,146,92,54,64,1,10,23,13,12,25,0.52,0.48,25,27,52,35,52,0.481,0.519,1.0,0.673,Regular Season
203482,Kelly Olynyk,1610612759,SAS,34.0,26,265.0,70,33,37,27,2,18,47,2,2,4,0.5,0.5,4,8,12,7,12,0.333,0.667,1.0,0.583,Regular Season
1626162,Kelly Oubre Jr.,1610612755,PHI,30.0,26,831.0,94,51,43,111,0,6,16,7,7,14,0.5,0.5,0,7,7,5,7,0.0,1.0,1.0,0.714,Regular Season
1629026,Kenrich Williams,1610612760,OKC,31.0,29,463.0,58,25,33,48,3,24,53,4,2,6,0.667,0.333,6,13,19,11,19,0.316,0.684,1.0,0.579,Regular Season
203484,Kentavious Caldwell-Pope,1610612763,MEM,32.0,46,967.0,57,23,34,63,0,0,0,13,9,22,0.591,0.409,1,5,6,3,6,0.167,0.833,1.0,0.5,Regular Season
1631165,Keon Ellis,1610612739,CLE,26.0,41,742.0,96,43,53,104,0,14,29,5,6,11,0.455,0.545,0,3,3,0,3,0.0,1.0,1.0,0.0,Regular Season
1642352,Keshad Johnson,1610612748,MIA,24.0,16,151.0,30,22,8,9,0,4,9,2,0,2,1.0,0.0,1,5,6,3,6,0.167,0.833,1.0,0.5,Regular Season
201142,Kevin Durant,1610612745,HOU,37.0,45,1657.0,253,133,120,61,0,25,55,13,12,25,0.52,0.48,0,17,17,9,17,0.0,1.0,1.0,0.529,Regular Season
1628989,Kevin Huerter,1610612741,CHI,27.0,44,1037.0,171,95,76,77,1,15,34,3,12,15,0.2,0.8,0,15,15,7,15,0.0,1.0,1.0,0.467,Regular Season
201567,Kevin Love,1610612762,UTA,37.0,26,469.0,59,32,27,21,3,35,83,6,9,15,0.4,0.6,11,29,38,23,40,0.275,0.725,0.95,0.575,Regular Season
1641755,Kevin McCullar Jr.,1610612752,NYK,24.0,6,74.0,11,6,5,11,1,2,5,2,1,3,0.667,0.333,0,0,0,0,0,0.0,0.0,0.0,0.0,Regular Season
1629645,Kevin Porter Jr.,1610612749,MIL,25.0,23,773.0,131,71,60,92,0,0,0,7,16,23,0.304,0.696,3,6,9,4,9,0.333,0.667,1.0,0.444,Regular Season
1626172,Kevon Looney,1610612740,NOP,29.0,17,237.0,78,45,33,14,0,30,74,3,1,4,0.75,0.25,7,14,21,13,21,0.333,0.667,1.0,0.619,Regular Season
1641718,Keyonte George,1610612762,UTA,22.0,47,1615.0,158,62,96,82,2,24,56,14,17,31,0.452,0.548,1,16,17,7,17,0.059,0.941,1.0,0.412,Regular Season
1642863,Khaman Maluach,1610612756,PHX,19.0,19,90.0,38,26,12,3,0,7,18,1,0,1,1.0,0.0,3,1,4,3,4,0.75,0.25,1.0,0.75,Regular Season
203114,Khris Middleton,1610612764,WAS,34.0,33,805.0,97,54,43,72,4,7,16,5,6,11,0.455,0.545,5,27,31,21,32,0.156,0.844,0.969,0.656,Regular Season
202691,Klay Thompson,1610612742,DAL,35.0,43,944.0,108,61,47,32,0,13,28,4,9,13,0.308,0.692,0,5,5,1,5,0.0,1.0,1.0,0.2,Regular Season
1641738,Kobe Brown,1610612746,LAC,26.0,22,230.0,32,19,13,20,1,6,14,5,3,8,0.625,0.375,3,7,10,7,10,0.3,0.7,1.0,0.7,Regular Season
1641723,Kobe Bufkin,1610612747,LAL,22.0,2,39.0,4,4,0,1,0,0,0,0,0,0,0.0,0.0,0,0,0,0,0,0.0,0.0,0.0,0.0,Regular Season
1642920,Kobe Sanders,1610612746,LAC,23.0,39,840.0,137,87,50,44,1,11,25,5,10,15,0.333,0.667,1,17,17,5,18,0.056,0.944,1.0,0.294,Regular Season
1642886,Koby Brea,1610612756,PHX,23.0,2,8.0,2,1,1,1,0,0,0,0,0,0,0.0,0.0,0,0,0,0,0,0.0,0.0,0.0,0.0,Regular Season
1642851,Kon Knueppel,1610612766,CHA,20.0,49,1566.0,258,170,88,98,1,26,58,24,11,35,0.686,0.314,1,20,20,5,21,0.048,0.952,0.952,0.238,Regular Season
1627739,Kris Dunn,1610612746,LAC,31.0,48,1310.0,153,64,89,177,0,35,81,7,14,21,0.333,0.667,1,8,9,3,9,0.111,0.889,1.0,0.333,Regular Season
1631200,Kris Murray,1610612757,POR,25.0,34,874.0,116,82,34,82,1,13,29,8,12,20,0.4,0.6,16,22,37,19,38,0.421,0.579,0.974,0.5,Regular Season
204001,Kristaps Porziņģis,1610612737,ATL,30.0,17,413.0,169,131,38,24,0,30,66,4,2,6,0.667,0.333,5,23,28,16,28,0.179,0.821,1.0,0.571,Regular Season
203937,Kyle Anderson,1610612762,UTA,32.0,20,401.0,60,34,26,48,0,35,79,1,3,4,0.25,0.75,2,15,17,9,17,0.118,0.882,1.0,0.529,Regular Season
1642271,Kyle Filipowski,1610612762,UTA,22.0,48,1075.0,270,154,116,72,3,51,118,11,5,16,0.688,0.313,10,41,51,34,51,0.196,0.804,1.0,0.667,Regular Season
1628398,Kyle Kuzma,1610612749,MIL,30.0,44,1185.0,173,113,60,43,1,23,54,6,4,10,0.6,0.4,6,23,29,17,29,0.207,0.793,1.0,0.586,Regular Season
200768,Kyle Lowry,1610612755,PHI,39.0,5,41.0,2,2,0,1,0,3,8,0,0,0,0.0,0.0,0,1,1,0,1,0.0,1.0,1.0,0.0,Regular Season
1642273,Kyshawn George,1610612764,WAS,22.0,39,1209.0,274,158,116,101,6,20,48,12,14,26,0.462,0.538,3,31,33,11,34,0.088,0.912,0.971,0.324,Regular Season
1643018,LJ Cryer,1610612744,GSW,24.0,1,3.0,0,0,0,0,0,0,0,1,0,1,1.0,0.0,0,0,0,0,0,0.0,0.0,0.0,0.0,Regular Season
1630163,LaMelo Ball,1610612766,CHA,24.0,38,1061.0,84,44,40,79,0,12,31,9,13,22,0.409,0.591,0,9,9,5,9,0.0,1.0,1.0,0.556,Regular Season
1642950,Lachlan Olbrich,1610612741,CHI,22.0,10,86.0,18,14,4,2,0,9,21,4,0,4,1.0,0.0,0,5,4,1,5,0.0,1.0,0.8,0.2,Regular Season
1629013,Landry Shamet,1610612752,NYK,28.0,23,488.0,96,49,47,36,0,11,25,2,3,5,0.4,0.6,0,9,9,2,9,0.0,1.0,1.0,0.222,Regular Season
1626204,Larry Nance Jr.,1610612739,CLE,33.0,22,305.0,38,23,15,33,2,11,26,5,2,7,0.714,0.286,3,7,10,4,10,0.3,0.7,1.0,0.4,Regular Season
1628374,Lauri Markkanen,1610612762,UTA,28.0,36,1288.0,226,164,62,66,0,45,110,7,10,17,0.412,0.588,5,22,27,18,27,0.185,0.815,1.0,0.667,Regular Season
2544,LeBron James,1610612747,LAL,41.0,31,1026.0,80,44,36,53,0,16,39,11,11,22,0.5,0.5,1,12,13,10,13,0.077,0.923,1.0,0.769,Regular Season
1631159,Leonard Miller,1610612750,MIN,22.0,12,75.0,18,12,6,8,0,3,6,2,0,2,1.0,0.0,1,1,2,1,2,0.5,0.5,1.0,0.5,Regular Season
1642862,Liam McNeeley,1610612766,CHA,20.0,22,294.0,57,35,22,7,0,4,9,2,2,4,0.5,0.5,1,6,7,3,7,0.143,0.857,1.0,0.429,Regular Season
1630322,Lindy Waters III,1610612759,SAS,28.0,19,167.0,20,7,13,6,2,9,18,1,1,2,0.5,0.5,0,7,7,3,7,0.0,1.0,1.0,0.429,Regular Season
1628366,Lonzo Ball,1610612739,CLE,28.0,35,728.0,96,47,49,77,0,19,46,8,13,21,0.381,0.619,6,12,18,15,18,0.333,0.667,1.0,0.833,Regular Season
1629652,Luguentz Dort,1610612760,OKC,26.0,40,1108.0,170,57,113,65,1,40,90,4,6,10,0.4,0.6,5,12,17,10,17,0.294,0.706,1.0,0.588,Regular Season
1629029,Luka Dončić,1610612747,LAL,26.0,40,1447.0,191,90,101,111,10,5,10,10,15,25,0.4,0.6,1,6,7,4,7,0.143,0.857,1.0,0.571,Regular Season
1630568,Luka Garza,1610612738,BOS,27.0,40,663.0,176,136,40,54,4,110,253,11,3,14,0.786,0.214,31,43,74,38,74,0.419,0.581,1.0,0.514,Regular Season
1628379,Luke Kennard,1610612737,ATL,29.0,44,910.0,95,45,50,64,0,17,41,4,4,8,0.5,0.5,1,10,11,4,11,0.091,0.909,1.0,0.364,Regular Season
1628436,Luke Kornet,1610612759,SAS,30.0,40,949.0,426,337,89,36,2,170,387,5,2,7,0.714,0.286,34,39,73,60,73,0.466,0.534,1.0,0.822,Regular Season
1631247,Luke Travers,1610612739,CLE,24.0,10,94.0,17,13,4,11,0,2,5,2,1,3,0.667,0.333,0,0,0,0,0,0.0,0.0,0.0,0.0,Regular Season
1630644,Mac McClung,1610612754,IND,27.0,2,32.0,7,5,2,4,0,0,0,0,1,1,0.0,1.0,0,0,0,0,0,0.0,0.0,0.0,0.0,Regular Season
1631103,Malaki Branham,1610612764,WAS,22.0,24,263.0,44,25,19,13,0,3,8,4,2,6,0.667,0.333,1,2,3,2,3,0.333,0.667,1.0,0.667,Regular Season
1642502,Malevy Leons,1610612744,GSW,26.0,3,16.0,3,2,1,1,0,0,0,0,1,1,0.0,1.0,0,1,1,0,1,0.0,1.0,1.0,0.0,Regular Season
1628370,Malik Monk,1610612758,SAC,27.0,39,902.0,111,66,45,59,1,15,33,11,6,17,0.647,0.353,1,3,3,0,4,0.25,0.75,1.0,0.0,Regular Season
1631204,Marcus Sasser,1610612765,DET,25.0,11,129.0,11,4,7,17,0,0,0,1,3,4,0.25,0.75,0,1,1,0,1,0.0,1.0,1.0,0.0,Regular Season
203935,Marcus Smart,1610612747,LAL,31.0,39,1113.0,121,45,76,112,14,32,75,11,14,25,0.44,0.56,1,20,20,5,21,0.048,0.952,0.952,0.238,Regular Season
1641813,Mark Sears,1610612749,MIL,23.0,4,20.0,4,2,2,2,0,0,0,1,0,1,1.0,0.0,0,0,0,0,0,0.0,0.0,0.0,0.0,Regular Season
1631109,Mark Williams,1610612756,PHX,24.0,45,1081.0,391,280,111,112,0,119,277,11,12,23,0.478,0.522,14,49,62,45,63,0.222,0.778,0.984,0.714,Regular Season
1628963,Marvin Bagley III,1610612764,WAS,26.0,37,715.0,204,137,67,43,7,120,284,11,5,16,0.688,0.313,17,28,45,36,45,0.378,0.622,1.0,0.8,Regular Season
203486,Mason Plumlee,1610612766,CHA,35.0,13,122.0,31,23,8,7,1,16,37,3,0,3,1.0,0.0,4,4,8,7,8,0.5,0.5,1.0,0.875,Regular Season
1641824,Matas Buzelis,1610612741,CHI,21.0,50,1401.0,394,253,141,64,2,20,49,11,11,22,0.5,0.5,3,19,21,14,22,0.136,0.864,0.955,0.636,Regular Season
1629680,Matisse Thybulle,1610612757,POR,28.0,4,49.0,3,2,1,19,1,1,2,0,1,1,0.0,1.0,0,0,0,0,0,0.0,0.0,0.0,0.0,Regular Season
1631108,Max Christie,1610612742,DAL,22.0,45,1328.0,213,134,79,50,0,34,73,4,10,14,0.286,0.714,0,12,11,5,12,0.0,1.0,0.917,0.417,Regular Season
1628467,Maxi Kleber,1610612747,LAL,34.0,23,245.0,66,48,18,14,0,24,58,2,2,4,0.5,0.5,3,8,11,4,11,0.273,0.727,1.0,0.364,Regular Season
1642875,Maxime Raynaud,1610612758,SAC,22.0,43,992.0,274,197,77,48,0,124,278,8,6,14,0.571,0.429,13,42,54,37,55,0.236,0.764,1.0,0.685,Regular Season
1642877,Micah Peavy,1610612740,NOP,24.0,40,657.0,78,46,32,61,1,6,14,6,6,12,0.5,0.5,3,12,14,7,15,0.2,0.8,1.0,0.5,Regular Season
1630695,Micah Potter,1610612754,IND,27.0,16,298.0,101,81,20,10,0,37,83,0,1,1,0.0,1.0,1,16,17,11,17,0.059,0.941,1.0,0.647,Regular Season
1629008,Michael Porter Jr.,1610612751,BKN,27.0,38,1258.0,123,77,46,77,0,31,70,13,12,25,0.52,0.48,12,17,29,24,29,0.414,0.586,1.0,0.828,Regular Season
1628969,Mikal Bridges,1610612752,NYK,29.0,49,1691.0,270,175,95,123,1,15,33,11,12,23,0.478,0.522,0,27,27,8,27,0.0,1.0,1.0,0.296,Regular Season
201144,Mike Conley,1610612750,MIN,38.0,42,785.0,96,52,44,48,0,14,33,8,5,13,0.615,0.385,0,6,6,2,6,0.0,1.0,1.0,0.333,Regular Season
1628970,Miles Bridges,1610612766,CHA,27.0,49,1590.0,303,168,135,60,0,25,63,19,9,28,0.679,0.321,4,22,26,12,26,0.154,0.846,1.0,0.462,Regular Season
1642939,Miles Kelly,1610612742,DAL,23.0,7,67.0,9,6,3,3,0,0,0,3,1,4,0.75,0.25,0,3,3,2,3,0.0,1.0,1.0,0.667,Regular Season
1630540,Miles McBride,1610612752,NYK,25.0,35,981.0,156,92,64,63,0,17,40,11,10,21,0.524,0.476,0,9,8,1,9,0.0,1.0,0.889,0.111,Regular Season
1629011,Mitchell Robinson,1610612752,NYK,27.0,35,691.0,148,93,55,68,0,89,199,14,9,23,0.609,0.391,63,47,110,87,110,0.573,0.427,1.0,0.791,Regular Season
1628964,Mo Bamba,1610612761,TOR,27.0,2,6.0,7,4,3,0,0,0,0,0,0,0,0.0,0.0,0,0,0,0,0,0.0,0.0,0.0,0.0,Regular Season
1642885,Mohamed Diawara,1610612752,NYK,20.0,25,177.0,39,24,15,17,0,2,5,3,1,4,0.75,0.25,2,2,4,1,4,0.5,0.5,1.0,0.25,Regular Season
1628420,Monte Morris,1610612754,IND,30.0,5,62.0,8,3,5,5,0,0,0,1,0,1,1.0,0.0,0,0,0,0,0,0.0,0.0,0.0,0.0,Regular Season
1629021,Moritz Wagner,1610612753,ORL,28.0,7,77.0,13,9,4,6,2,4,9,0,2,2,0.0,1.0,1,3,4,3,4,0.25,0.75,1.0,0.75,Regular Season
1630541,Moses Moody,1610612744,GSW,23.0,47,1152.0,163,111,52,106,3,8,19,19,19,38,0.5,0.5,2,20,22,8,22,0.091,0.909,1.0,0.364,Regular Season
1631243,Mouhamed Gueye,1610612737,ATL,23.0,48,784.0,196,113,83,85,0,35,84,8,11,19,0.421,0.579,6,38,44,23,44,0.136,0.864,1.0,0.523,Regular Season
1630619,Moussa Cisse,1610612742,DAL,23.0,27,332.0,125,100,25,27,0,45,106,8,5,13,0.615,0.385,14,17,31,23,31,0.452,0.548,1.0,0.742,Regular Season
1631217,Moussa Diabaté,1610612766,CHA,24.0,46,1149.0,319,210,109,60,0,97,225,20,10,30,0.667,0.333,64,48,109,78,112,0.571,0.429,0.973,0.696,Regular Season
1626167,Myles Turner,1610612749,MIL,29.0,45,1291.0,390,297,93,84,0,87,214,7,6,13,0.538,0.462,14,64,78,41,78,0.179,0.821,1.0,0.526,Regular Season
1642066,Myron Gardner,1610612748,MIA,24.0,16,167.0,27,17,10,17,0,1,3,2,2,4,0.5,0.5,1,3,4,1,4,0.25,0.75,1.0,0.25,Regular Season
1642368,N'Faly Dante,1610612737,ATL,24.0,4,15.0,4,4,0,2,0,1,3,0,0,0,0.0,0.0,0,1,1,1,1,0.0,1.0,1.0,1.0,Regular Season
1641772,Nae'Qwan Tomlin,1610612739,CLE,25.0,39,684.0,108,63,45,80,0,19,46,7,6,13,0.538,0.462,6,14,20,10,20,0.3,0.7,1.0,0.5,Regular Season
1630230,Naji Marshall,1610612742,DAL,28.0,48,1407.0,196,100,96,81,0,20,44,10,19,29,0.345,0.655,3,22,25,16,25,0.12,0.88,1.0,0.64,Regular Season
1629675,Naz Reid,1610612750,MIN,26.0,49,1314.0,288,178,110,85,3,32,78,13,12,25,0.52,0.48,5,42,45,24,47,0.106,0.894,0.957,0.511,Regular Season
1629674,Neemias Queta,1610612738,BOS,26.0,46,1153.0,358,274,84,81,0,179,440,7,7,14,0.5,0.5,33,68,101,62,101,0.327,0.673,1.0,0.614,Regular Season
1629651,Nic Claxton,1610612751,BKN,26.0,46,1353.0,356,238,118,90,0,154,379,12,6,18,0.667,0.333,35,35,69,59,70,0.5,0.5,0.986,0.843,Regular Season
1630208,Nick Richards,1610612756,PHX,28.0,27,254.0,70,55,15,15,0,26,67,2,1,3,0.667,0.333,7,13,20,17,20,0.35,0.65,1.0,0.85,Regular Season
1641733,Nick Smith Jr.,1610612747,LAL,21.0,19,285.0,31,12,19,8,0,5,11,2,4,6,0.333,0.667,0,0,0,0,0,0.0,0.0,0.0,0.0,Regular Season
1629638,Nickeil Alexander-Walker,1610612737,ATL,27.0,49,1617.0,170,119,51,158,3,23,51,19,20,39,0.487,0.513,1,29,29,12,30,0.033,0.967,0.967,0.4,Regular Season
201587,Nicolas Batum,1610612746,LAC,37.0,45,920.0,161,90,71,67,0,8,18,5,9,14,0.357,0.643,1,12,13,7,13,0.077,0.923,1.0,0.538,Regular Season
1628502,Nigel Hayes-Davis,1610612756,PHX,31.0,18,172.0,21,17,4,18,0,6,16,3,2,5,0.6,0.4,0,2,2,1,2,0.0,1.0,1.0,0.5,Regular Season
203999,Nikola Jokić,1610612743,DEN,30.0,34,1160.0,191,133,58,101,1,121,282,14,11,25,0.56,0.44,26,63,88,68,89,0.292,0.708,1.0,0.773,Regular Season
1631107,Nikola Jović,1610612748,MIA,22.0,36,729.0,184,121,63,37,1,9,21,3,3,6,0.5,0.5,3,17,20,11,20,0.15,0.85,1.0,0.55,Regular Season
202696,Nikola Vučević,1610612741,CHI,35.0,48,1480.0,391,257,134,77,0,111,237,10,5,15,0.667,0.333,21,75,94,69,96,0.219,0.781,0.979,0.719,Regular Season
1642363,Nique Clifford,1610612758,SAC,23.0,47,932.0,174,103,71,63,6,11,27,6,11,17,0.353,0.647,3,8,11,8,11,0.273,0.727,1.0,0.727,Regular Season
1642855,Noa Essengue,1610612741,CHI,19.0,1,4.0,1,1,0,0,0,0,0,0,0,0,0.0,0.0,1,0,1,0,1,1.0,0.0,1.0,0.0,Regular Season
1641730,Noah Clowney,1610612751,BKN,21.0,43,1237.0,283,185,98,81,2,15,36,7,12,19,0.368,0.632,2,22,24,10,24,0.083,0.917,1.0,0.417,Regular Season
1642869,Noah Penda,1610612753,ORL,21.0,29,432.0,85,59,26,39,0,12,26,6,10,16,0.375,0.625,7,10,17,15,17,0.412,0.588,1.0,0.882,Regular Season
1642849,Nolan Traore,1610612751,BKN,19.0,25,492.0,94,73,21,23,0,3,7,1,4,5,0.2,0.8,0,4,4,0,4,0.0,1.0,1.0,0.0,Regular Season
1626181,Norman Powell,1610612748,MIA,32.0,43,1319.0,102,49,53,115,0,6,15,7,16,23,0.304,0.696,0,16,16,10,16,0.0,1.0,1.0,0.625,Regular Season
1628384,OG Anunoby,1610612752,NYK,28.0,39,1278.0,257,145,112,115,3,12,30,16,18,34,0.471,0.529,3,44,47,27,47,0.064,0.936,1.0,0.574,Regular Season
1630167,Obi Toppin,1610612754,IND,27.0,3,82.0,14,8,6,3,0,4,9,2,3,5,0.4,0.6,0,2,2,1,2,0.0,1.0,1.0,0.5,Regular Season
1630534,Ochai Agbaji,1610612761,TOR,25.0,37,627.0,128,81,47,50,0,11,25,4,4,8,0.5,0.5,1,10,11,4,11,0.091,0.909,1.0,0.364,Regular Season
1641765,Olivier-Maxence Prosper,1610612763,MEM,23.0,20,277.0,65,43,22,11,1,5,14,5,1,6,0.833,0.167,2,12,14,9,14,0.143,0.857,1.0,0.643,Regular Season
1630168,Onyeka Okongwu,1610612737,ATL,25.0,47,1503.0,370,250,120,119,1,111,261,25,18,43,0.581,0.419,12,60,71,45,72,0.167,0.833,0.986,0.625,Regular Season
1631115,Orlando Robinson,1610612753,ORL,25.0,4,25.0,7,6,1,2,0,2,5,0,0,0,0.0,0.0,1,0,1,1,1,1.0,0.0,1.0,1.0,Regular Season
1631131,Oscar Tshiebwe,1610612762,UTA,26.0,1,15.0,5,3,2,2,0,3,6,0,0,0,0.0,0.0,0,0,0,0,0,0.0,0.0,0.0,0.0,Regular Season
1642345,Oso Ighodaro,1610612756,PHX,23.0,50,998.0,237,181,56,101,0,136,331,11,10,21,0.524,0.476,12,35,47,27,47,0.255,0.745,1.0,0.574,Regular Season
1631172,Ousmane Dieng,1610612760,OKC,22.0,24,282.0,74,48,26,13,0,4,9,3,4,7,0.429,0.571,0,6,6,3,6,0.0,1.0,1.0,0.5,Regular Season
1629023,P.J. Washington,1610612742,DAL,27.0,36,1114.0,255,158,97,70,1,20,44,8,13,21,0.381,0.619,2,26,28,22,28,0.071,0.929,1.0,0.786,Regular Season
1641790,PJ Hall,1610612766,CHA,23.0,13,153.0,59,35,24,2,0,8,20,2,3,5,0.4,0.6,6,10,15,9,16,0.375,0.625,1.0,0.6,Regular Season
1642359,Pacôme Dadiet,1610612752,NYK,20.0,9,40.0,5,4,1,7,0,0,0,0,2,2,0.0,1.0,0,0,0,0,0,0.0,0.0,0.0,0.0,Regular Season
1631094,Paolo Banchero,1610612753,ORL,23.0,38,1307.0,232,133,99,38,0,35,80,15,5,20,0.75,0.25,3,24,27,18,27,0.111,0.889,1.0,0.667,Regular Season
1627783,Pascal Siakam,1610612754,IND,31.0,47,1596.0,282,192,90,107,0,44,107,19,11,30,0.633,0.367,6,43,48,21,49,0.122,0.878,0.98,0.429,Regular Season
1626192,Pat Connaughton,1610612766,CHA,33.0,15,140.0,27,11,16,7,0,2,6,1,1,2,0.5,0.5,1,5,6,5,6,0.167,0.833,1.0,0.833,Regular Season
1630311,Pat Spencer,1610612744,GSW,29.0,26,419.0,44,20,24,35,0,5,13,9,3,12,0.75,0.25,0,5,5,2,5,0.0,1.0,1.0,0.4,Regular Season
1630172,Patrick Williams,1610612741,CHI,24.0,43,828.0,132,77,55,58,0,15,34,5,11,16,0.313,0.688,3,41,43,18,44,0.068,0.932,0.977,0.409,Regular Season
202331,Paul George,1610612755,PHI,35.0,27,824.0,143,79,64,105,4,8,19,9,10,19,0.474,0.526,3,18,20,12,21,0.143,0.857,0.952,0.571,Regular Season
1630194,Paul Reed,1610612765,DET,26.0,32,386.0,131,90,41,66,0,44,110,11,5,16,0.688,0.313,8,14,22,19,22,0.364,0.636,1.0,0.864,Regular Season
1630202,Payton Pritchard,1610612738,BOS,28.0,46,1500.0,80,18,62,63,2,13,33,16,13,29,0.552,0.448,2,17,19,3,20,0.1,0.85,1.0,0.158,Regular Season
1641796,Pelle Larsson,1610612748,MIA,24.0,43,1030.0,187,110,77,76,10,10,23,2,4,6,0.333,0.667,4,20,23,14,24,0.167,0.833,0.958,0.583,Regular Season
1631250,Pete Nance,1610612749,MIL,25.0,13,137.0,23,15,8,11,0,8,19,2,0,2,1.0,0.0,3,3,6,3,6,0.5,0.5,1.0,0.5,Regular Season
1631212,Peyton Watson,1610612743,DEN,23.0,47,1431.0,292,177,115,72,3,29,72,14,23,37,0.378,0.622,3,6,9,8,9,0.333,0.667,1.0,0.889,Regular Season
1630173,Precious Achiuwa,1610612758,SAC,26.0,44,912.0,233,147,86,69,2,38,86,13,5,18,0.722,0.278,18,21,39,23,39,0.462,0.538,1.0,0.59,Regular Season
1629656,Quentin Grimes,1610612755,PHI,25.0,43,1290.0,155,81,74,99,1,8,17,16,10,26,0.615,0.385,0,12,12,5,12,0.0,1.0,1.0,0.417,Regular Season
1631245,Quenton Jackson,1610612754,IND,27.0,21,347.0,43,17,26,36,0,2,5,5,5,10,0.5,0.5,1,2,3,0,3,0.333,0.667,1.0,0.0,Regular Season
1642366,Quinten Post,1610612744,GSW,25.0,50,891.0,330,252,78,34,0,49,124,5,10,15,0.333,0.667,12,31,42,31,43,0.279,0.721,0.977,0.721,Regular Season
1629628,RJ Barrett,1610612761,TOR,25.0,28,824.0,130,73,57,54,2,11,28,5,9,14,0.357,0.643,4,10,14,8,14,0.286,0.714,1.0,0.571,Regular Season
1642853,Rasheer Fleming,1610612756,PHX,21.0,22,163.0,17,12,5,15,0,1,3,2,0,2,1.0,0.0,0,4,4,2,4,0.0,1.0,1.0,0.5,Regular Season
1642484,RayJ Dennis,1610612737,ATL,24.0,11,162.0,11,7,4,23,0,1,2,0,3,3,0.0,1.0,0,2,2,0,2,0.0,1.0,1.0,0.0,Regular Season
1641712,Rayan Rupert,1610612757,POR,21.0,34,482.0,49,26,23,44,0,5,11,4,4,8,0.5,0.5,2,5,6,1,7,0.286,0.714,0.857,0.143,Regular Season
1642263,Reed Sheppard,1610612745,HOU,21.0,47,1158.0,157,76,81,164,0,3,8,17,12,29,0.586,0.414,0,7,7,2,7,0.0,1.0,1.0,0.286,Regular Season
1642434,Riley Minix,1610612759,SAS,25.0,2,7.0,2,1,1,4,0,0,0,0,0,0,0.0,0.0,0,0,0,0,0,0.0,0.0,0.0,0.0,Regular Season
1642265,Rob Dillingham,1610612750,MIN,21.0,30,300.0,40,23,17,38,0,2,5,3,6,9,0.333,0.667,0,2,2,1,2,0.0,1.0,1.0,0.5,Regular Season
1629057,Robert Williams III,1610612757,POR,28.0,34,555.0,146,103,43,42,0,41,94,4,3,7,0.571,0.429,8,20,26,22,28,0.286,0.714,0.929,0.786,Regular Season
1631199,Ron Harper Jr.,1610612738,BOS,25.0,3,16.0,4,3,1,1,0,0,0,0,0,0,0.0,0.0,0,0,0,0,0,0.0,0.0,0.0,0.0,Regular Season
1641842,Ronald Holland II,1610612765,DET,20.0,46,955.0,90,46,44,102,1,11,27,12,15,27,0.444,0.556,1,6,6,4,7,0.143,0.857,0.857,0.571,Regular Season
1626220,Royce O'Neale,1610612756,PHX,32.0,50,1471.0,121,49,72,117,0,30,67,11,13,24,0.458,0.542,3,25,28,14,28,0.107,0.893,1.0,0.5,Regular Season
203497,Rudy Gobert,1610612750,MIN,33.0,48,1508.0,503,396,107,77,1,201,500,11,4,15,0.733,0.267,71,68,139,109,139,0.511,0.489,1.0,0.784,Regular Season
1629060,Rui Hachimura,1610612747,LAL,27.0,38,1131.0,142,98,44,46,1,15,34,7,7,14,0.5,0.5,0,25,25,11,25,0.0,1.0,1.0,0.44,Regular Season
201566,Russell Westbrook,1610612758,SAC,37.0,48,1423.0,88,42,46,114,0,10,22,22,20,42,0.524,0.476,2,6,8,6,8,0.25,0.75,1.0,0.75,Regular Season
1642346,Ryan Dunn,1610612756,PHX,23.0,42,854.0,163,93,70,82,0,17,40,8,8,16,0.5,0.5,4,1,5,5,5,0.8,0.2,1.0,1.0,Regular Season
1641750,Ryan Kalkbrenner,1610612766,CHA,24.0,38,893.0,384,304,80,43,1,78,177,5,8,13,0.385,0.615,29,71,100,56,100,0.29,0.71,1.0,0.56,Regular Season
1642948,Ryan Nembhard,1610612742,DAL,22.0,33,657.0,66,36,30,17,2,6,13,8,11,19,0.421,0.579,0,6,6,0,6,0.0,1.0,1.0,0.0,Regular Season
1631157,Ryan Rollins,1610612749,MIL,23.0,47,1492.0,192,108,84,202,3,2,4,15,14,29,0.517,0.483,0,12,12,5,12,0.0,1.0,1.0,0.417,Regular Season
1630180,Saddiq Bey,1610612740,NOP,26.0,44,1328.0,104,51,53,56,1,12,28,16,14,30,0.533,0.467,6,21,27,21,27,0.222,0.778,1.0,0.778,Regular Season
1630573,Sam Hauser,1610612738,BOS,28.0,47,1137.0,187,111,76,69,0,38,91,9,9,18,0.5,0.5,0,34,34,15,34,0.0,1.0,1.0,0.441,Regular Season
1630241,Sam Merrill,1610612739,CLE,29.0,27,691.0,86,60,26,34,2,19,42,8,4,12,0.667,0.333,1,8,9,3,9,0.111,0.889,1.0,0.333,Regular Season
1630572,Sandro Mamukelashvili,1610612761,TOR,26.0,49,1103.0,300,203,97,78,0,62,140,9,10,19,0.474,0.526,8,38,43,16,46,0.174,0.826,0.935,0.348,Regular Season
1630583,Santi Aldama,1610612763,MEM,25.0,42,1174.0,274,173,101,59,2,23,55,9,8,17,0.529,0.471,2,29,31,19,31,0.065,0.935,1.0,0.613,Regular Season
1630567,Scottie Barnes,1610612761,TOR,24.0,50,1724.0,310,208,102,159,0,50,114,22,16,38,0.579,0.421,26,55,80,67,81,0.321,0.679,0.988,0.827,Regular Season
203552,Seth Curry,1610612744,GSW,35.0,2,32.0,2,0,2,1,0,0,0,0,0,0,0.0,0.0,0,0,0,0,0,0.0,0.0,0.0,0.0,Regular Season
1631101,Shaedon Sharpe,1610612757,POR,22.0,46,1394.0,114,46,68,90,1,2,4,16,11,27,0.593,0.407,0,20,20,8,20,0.0,1.0,1.0,0.4,Regular Season
1628983,Shai Gilgeous-Alexander,1610612760,OKC,27.0,48,1605.0,205,107,98,146,1,15,33,19,17,36,0.528,0.472,0,15,15,8,15,0.0,1.0,1.0,0.533,Regular Season
1630536,Sharife Cooper,1610612764,WAS,24.0,4,38.0,3,3,0,2,1,0,0,0,0,0,0.0,0.0,0,1,1,1,1,0.0,1.0,1.0,1.0,Regular Season
1631321,Sidy Cissoko,1610612757,POR,21.0,42,967.0,113,70,43,72,5,14,32,8,9,17,0.471,0.529,4,11,15,8,15,0.267,0.733,1.0,0.533,Regular Season
1631323,Simone Fontecchio,1610612748,MIA,30.0,46,808.0,112,60,52,47,0,5,13,8,9,17,0.471,0.529,9,14,23,15,23,0.391,0.609,1.0,0.652,Regular Season
1642883,Sion James,1610612766,CHA,23.0,50,1217.0,180,107,73,68,1,28,63,3,6,9,0.333,0.667,3,20,23,7,23,0.13,0.87,1.0,0.304,Regular Season
1627746,Skal Labissiere,1610612764,WAS,29.0,2,30.0,8,6,2,3,0,4,9,0,1,1,0.0,1.0,1,3,4,2,4,0.25,0.75,1.0,0.5,Regular Season
1642461,Spencer Jones,1610612743,DEN,24.0,44,1074.0,222,144,78,91,2,39,96,17,10,27,0.63,0.37,3,23,25,14,26,0.115,0.885,0.962,0.538,Regular Season
1630649,Stanley Umude,1610612759,SAS,26.0,1,2.0,1,1,0,0,0,0,0,0,0,0,0.0,0.0,0,0,0,0,0,0.0,0.0,0.0,0.0,Regular Season
201939,Stephen Curry,1610612744,GSW,37.0,39,1222.0,107,55,52,100,2,33,74,20,16,36,0.556,0.444,2,9,11,5,11,0.182,0.818,1.0,0.455,Regular Season
1642264,Stephon Castle,1610612759,SAS,21.0,39,1214.0,182,105,77,98,0,15,38,14,5,19,0.737,0.263,0,10,10,1,10,0.0,1.0,1.0,0.1,Regular Season
203500,Steven Adams,1610612745,HOU,32.0,32,730.0,179,127,52,31,0,90,198,12,4,16,0.75,0.25,52,27,77,61,79,0.658,0.342,0.975,0.772,Regular Season
1629004,Svi Mykhailiuk,1610612762,UTA,28.0,42,1011.0,112,59,53,69,1,14,32,7,13,20,0.35,0.65,0,14,14,8,14,0.0,1.0,1.0,0.571,Regular Season
204456,T.J. McConnell,1610612754,IND,33.0,35,607.0,45,24,21,86,2,3,9,8,13,21,0.381,0.619,0,7,7,3,7,0.0,1.0,1.0,0.429,Regular Season
1643007,Taelon Peter,1610612754,IND,23.0,15,111.0,22,16,6,11,0,0,0,1,3,4,0.25,0.75,0,0,0,0,0,0.0,0.0,0.0,0.0,Regular Season
1631106,Tari Eason,1610612745,HOU,24.0,26,628.0,110,71,39,68,0,1,2,14,12,26,0.538,0.462,1,5,6,5,6,0.167,0.833,1.0,0.833,Regular Season
1627752,Taurean Prince,1610612749,MIL,31.0,8,169.0,18,8,10,13,0,1,2,0,1,1,0.0,1.0,0,3,3,3,3,0.0,1.0,1.0,1.0,Regular Season
1641707,Taylor Hendricks,1610612762,UTA,22.0,32,492.0,101,54,47,32,0,18,41,3,2,5,0.6,0.4,1,9,10,5,10,0.1,0.9,1.0,0.5,Regular Season
1629611,Terance Mann,1610612751,BKN,29.0,43,1093.0,120,69,51,89,3,17,44,6,7,13,0.462,0.538,4,9,13,6,13,0.308,0.692,1.0,0.462,Regular Season
1630545,Terrence Shannon Jr.,1610612750,MIN,25.0,21,274.0,37,23,14,14,2,5,11,3,2,5,0.6,0.4,0,5,4,1,5,0.0,1.0,0.8,0.2,Regular Season
203648,Thanasis Antetokounmpo,1610612749,MIL,33.0,11,39.0,6,5,1,10,0,2,4,1,1,2,0.5,0.5,1,0,1,1,1,1.0,0.0,1.0,1.0,Regular Season
1628418,Thomas Bryant,1610612739,CLE,28.0,32,337.0,78,71,7,19,1,27,61,2,3,5,0.4,0.6,4,18,22,15,22,0.182,0.818,1.0,0.682,Regular Season
1642275,Tidjane Salaün,1610612766,CHA,20.0,29,493.0,84,49,35,29,1,17,42,3,5,8,0.375,0.625,3,17,20,12,20,0.15,0.85,1.0,0.6,Regular Season
203501,Tim Hardaway Jr.,1610612743,DEN,33.0,49,1332.0,139,73,66,44,6,25,60,5,7,12,0.417,0.583,0,14,14,8,14,0.0,1.0,1.0,0.571,Regular Season
202699,Tobias Harris,1610612765,DET,33.0,32,902.0,117,61,56,41,0,12,24,9,12,21,0.429,0.571,4,35,38,19,39,0.103,0.897,1.0,0.5,Regular Season
1642449,Tolu Smith,1610612765,DET,25.0,4,53.0,17,12,5,4,0,8,19,1,0,1,1.0,0.0,2,6,8,6,8,0.25,0.75,1.0,0.75,Regular Season
1628396,Tony Bradley,1610612754,IND,28.0,35,409.0,107,78,29,14,0,33,77,4,2,6,0.667,0.333,14,25,39,24,39,0.359,0.641,1.0,0.615,Regular Season
1641787,Tosan Evbuomwan,1610612752,NYK,24.0,2,5.0,3,2,1,0,0,0,0,1,0,1,1.0,0.0,0,0,0,0,0,0.0,0.0,0.0,0.0,Regular Season
1641739,Toumani Camara,1610612757,POR,25.0,50,1683.0,270,163,107,126,11,43,104,14,13,27,0.519,0.481,9,20,28,11,29,0.31,0.69,0.966,0.379,Regular Season
1629027,Trae Young,1610612764,WAS,27.0,10,280.0,10,2,8,13,0,2,4,3,2,5,0.6,0.4,0,3,3,1,3,0.0,1.0,1.0,0.333,Regular Season
1631218,Trayce Jackson-Davis,1610612744,GSW,25.0,34,404.0,147,119,28,24,0,48,115,6,3,9,0.667,0.333,19,23,40,29,42,0.452,0.548,0.952,0.69,Regular Season
1642848,Tre Johnson,1610612764,WAS,19.0,38,961.0,105,52,53,65,0,8,20,5,4,9,0.556,0.444,1,8,9,3,9,0.111,0.889,1.0,0.333,Regular Season
1630200,Tre Jones,1610612741,CHI,26.0,38,1020.0,95,62,33,98,3,13,31,8,7,15,0.533,0.467,0,10,10,7,10,0.0,1.0,1.0,0.7,Regular Season
1630544,Tre Mann,1610612766,CHA,24.0,28,480.0,62,33,29,36,0,5,13,4,6,10,0.4,0.6,0,5,5,1,5,0.0,1.0,1.0,0.2,Regular Season
1630570,Trendon Watford,1610612755,PHI,25.0,25,395.0,89,45,44,17,0,12,29,7,3,10,0.7,0.3,1,3,4,1,4,0.25,0.75,1.0,0.25,Regular Season
1642280,Trentyn Flowers,1610612741,CHI,20.0,2,6.0,2,2,0,1,0,0,0,1,0,1,1.0,0.0,0,0,0,0,0,0.0,0.0,0.0,0.0,Regular Season
1641725,Trey Alexander,1610612740,NOP,22.0,4,40.0,7,6,1,7,0,0,0,0,0,0,0.0,0.0,0,4,4,0,4,0.0,1.0,1.0,0.0,Regular Season
1641998,Trey Jemison III,1610612752,NYK,26.0,6,38.0,9,9,0,4,0,4,9,1,1,2,0.5,0.5,0,5,5,2,5,0.0,1.0,1.0,0.4,Regular Season
1630530,Trey Murphy III,1610612740,NOP,25.0,47,1683.0,218,122,96,128,0,36,78,10,17,27,0.37,0.63,2,13,15,9,15,0.133,0.867,1.0,0.6,Regular Season
1641774,Tristan Vukcevic,1610612764,WAS,22.0,29,341.0,93,67,26,28,1,39,96,3,2,5,0.6,0.4,3,19,22,10,22,0.136,0.864,1.0,0.455,Regular Season
1641783,Tristan da Silva,1610612753,ORL,24.0,43,972.0,145,94,51,69,0,15,32,9,8,17,0.529,0.471,1,26,27,16,27,0.037,0.963,1.0,0.593,Regular Season
1629660,Ty Jerome,1610612763,MEM,28.0,1,20.0,1,0,1,2,0,1,3,0,0,0,0.0,0.0,0,0,0,0,0,0.0,0.0,0.0,0.0,Regular Season
1631102,TyTy Washington Jr.,1610612746,LAC,24.0,2,22.0,2,1,1,3,0,0,0,0,0,0,0.0,0.0,0,1,1,0,1,0.0,1.0,1.0,0.0,Regular Season
1629639,Tyler Herro,1610612748,MIA,26.0,11,349.0,42,35,7,15,0,0,0,1,2,3,0.333,0.667,0,0,0,0,0,0.0,0.0,0.0,0.0,Regular Season
1642278,Tyler Kolek,1610612752,NYK,24.0,35,535.0,57,37,20,34,2,3,7,5,9,14,0.357,0.643,0,7,7,3,7,0.0,1.0,1.0,0.429,Regular Season
1631213,Tyrese Martin,1610612751,BKN,26.0,33,655.0,83,45,38,45,0,5,11,9,13,22,0.409,0.591,2,6,8,7,8,0.25,0.75,1.0,0.875,Regular Season
1630178,Tyrese Maxey,1610612755,PHI,25.0,46,1796.0,181,84,97,164,3,14,31,10,28,38,0.263,0.737,1,7,7,2,8,0.125,0.875,0.875,0.25,Regular Season
1642878,Tyrese Proctor,1610612739,CLE,21.0,29,352.0,33,14,19,43,1,7,16,3,5,8,0.375,0.625,1,2,3,1,3,0.333,0.667,1.0,0.333,Regular Season
1630623,Tyson Etienne,1610612751,BKN,26.0,2,15.0,1,1,0,1,0,0,0,0,0,0,0.0,0.0,0,1,1,0,1,0.0,1.0,1.0,0.0,Regular Season
1626145,Tyus Jones,1610612753,ORL,29.0,38,627.0,32,12,20,44,0,5,12,2,3,5,0.4,0.6,0,5,5,3,5,0.0,1.0,1.0,0.6,Regular Season
1642845,VJ Edgecombe,1610612755,PHI,20.0,44,1568.0,192,123,69,152,0,9,21,29,26,55,0.527,0.473,0,16,16,10,16,0.0,1.0,1.0,0.625,Regular Season
1641705,Victor Wembanyama,1610612759,SAS,22.0,35,1012.0,279,210,69,87,2,49,108,11,7,18,0.611,0.389,14,25,39,28,39,0.359,0.641,1.0,0.718,Regular Season
1631246,Vince Williams Jr.,1610612763,MEM,25.0,33,713.0,96,57,39,58,1,5,13,10,4,14,0.714,0.286,2,6,8,4,8,0.25,0.75,1.0,0.5,Regular Season
1642884,Vladislav Goldin,1610612748,MIA,24.0,1,7.0,2,1,1,2,0,0,0,0,0,0,0.0,0.0,0,0,0,0,0,0.0,0.0,0.0,0.0,Regular Season
1630249,Vít Krejčí,1610612757,POR,25.0,45,1022.0,214,119,95,64,0,17,38,6,14,20,0.3,0.7,0,16,16,4,16,0.0,1.0,1.0,0.25,Regular Season
1631117,Walker Kessler,1610612762,UTA,24.0,5,154.0,43,34,9,16,0,16,39,4,0,4,1.0,0.0,4,8,11,7,12,0.333,0.667,0.917,0.583,Regular Season
1642383,Walter Clayton Jr.,1610612762,UTA,22.0,44,794.0,176,76,100,51,2,11,26,5,8,13,0.385,0.615,0,8,8,5,8,0.0,1.0,1.0,0.625,Regular Season
1628976,Wendell Carter Jr.,1610612753,ORL,26.0,46,1377.0,353,270,83,80,1,146,328,13,15,28,0.464,0.536,30,87,117,64,117,0.256,0.744,1.0,0.547,Regular Season
1631111,Wendell Moore Jr.,1610612765,DET,24.0,3,43.0,8,4,4,3,0,0,0,0,0,0,0.0,0.0,0,0,0,0,0,0.0,0.0,0.0,0.0,Regular Season
1642954,Will Richard,1610612744,GSW,23.0,44,849.0,93,50,43,114,5,8,19,6,6,12,0.5,0.5,3,11,14,9,14,0.214,0.786,1.0,0.643,Regular Season
1642860,Will Riley,1610612764,WAS,19.0,34,573.0,89,50,39,26,0,6,16,3,4,7,0.429,0.571,2,9,10,6,11,0.182,0.818,0.909,0.545,Regular Season
1630214,Xavier Tillman,1610612738,BOS,27.0,10,99.0,33,13,20,15,0,13,30,0,4,4,0.0,1.0,6,2,8,7,9,0.667,0.222,1.0,0.875,Regular Season
1642905,Yang Hansen,1610612757,POR,20.0,26,226.0,90,64,26,14,0,34,79,3,0,3,1.0,0.0,3,19,21,8,22,0.136,0.864,0.955,0.364,Regular Season
1642949,Yanic Konan Niederhäuser,1610612746,LAC,22.0,21,210.0,68,58,10,12,1,26,59,0,0,0,0.0,0.0,3,10,13,8,13,0.231,0.769,1.0,0.615,Regular Season
1642530,Yuki Kawamura,1610612741,CHI,24.0,2,38.0,2,0,2,1,0,0,0,0,1,1,0.0,1.0,0,0,0,0,0,0.0,0.0,0.0,0.0,Regular Season
1642274,Yves Missi,1610612740,NOP,21.0,43,828.0,265,170,95,36,0,81,172,15,9,24,0.625,0.375,26,31,56,36,57,0.456,0.544,0.982,0.632,Regular Season
1642258,Zaccharie Risacher,1610612737,ATL,20.0,37,908.0,182,112,70,72,0,5,12,6,11,17,0.353,0.647,2,5,7,6,7,0.286,0.714,1.0,0.857,Regular Season
1628380,Zach Collins,1610612741,CHI,28.0,10,184.0,57,42,15,10,0,23,53,2,1,3,0.667,0.333,3,10,13,9,13,0.231,0.769,1.0,0.692,Regular Season
1641744,Zach Edey,1610612763,MEM,23.0,11,284.0,88,74,14,12,0,35,78,2,1,3,0.667,0.333,19,26,45,36,45,0.422,0.578,1.0,0.8,Regular Season
203897,Zach LaVine,1610612758,SAC,30.0,37,1184.0,158,69,89,45,0,7,16,3,5,8,0.375,0.625,0,6,6,3,6,0.0,1.0,1.0,0.5,Regular Season
1630192,Zeke Nnaji,1610612743,DEN,25.0,34,490.0,145,97,48,37,1,47,115,5,5,10,0.5,0.5,4,8,12,7,12,0.333,0.667,1.0,0.583,Regular Season
1630533,Ziaire Williams,1610612751,BKN,24.0,33,762.0,139,71,68,101,1,3,7,7,11,18,0.389,0.611,0,7,7,4,7,0.0,1.0,1.0,0.571,Regular Season
1629627,Zion Williamson,1610612740,NOP,25.0,35,1027.0,131,63,68,68,0,35,85,18,3,21,0.857,0.143,4,25,29,22,29,0.138,0.862,1.0,0.759,Regular Season
